email,password,registered_in_db
nicholasortega@example.org,#^5hhqXjLt,False
brianburch@example.net,1*I8KwLcwS,False
utaylor@example.org,!egaNJad7e,True
oarnold@example.net,$&4Gbj7m0A,False
lisa08@example.net,n96yGpVq)r,True
shelly07@example.org,@7^1FXs6G%,True
timothyvincent@example.org,K&0D&Rbm&K,True
monroejames@example.org,06y@qXmL@N,False
vcortez@example.com,@HL3(suG0m,True
harristina@example.com,16756Csn#U,True
rose94@example.org,2C1XsGNQ$f,True
sarahsmith@example.org,#P7TWtk*Y1,True
camerondaniel@example.com,s@0IKp!v^#,True
vjimenez@example.org,q*1GyBoj2x,True
ajohnson@example.net,T)B0CTaP)7,True
bridgesmelissa@example.net,(8fhqlEHmj,True
jwhite@example.org,(^4^0ZpwZ#,True
glynch@example.org,#a6XAw^p*O,True
pamelareeves@example.com,q7T(pSaj!3,False
zkent@example.net,^uC58dRBt1,True
pdaniels@example.com,62Py3Iip@@,True
lindarobertson@example.net,%9K3o$(bHX,True
amber71@example.org,^(V1M7ew7l,False
ashleylee@example.net,6l14Hh6W_6,True
paulcarr@example.com,9CJjU7bk_e,True
alexander08@example.net,j(3Q3eawO&,False
stacey55@example.org,%aSxIgxrl0,True
madison40@example.org,%N1Zl+1S$J,True
christopher57@example.net,04yPhKJx%R,True
kristenschwartz@example.org,*cWUqO+bb2,False
duartebetty@example.com,ph1gRAl%#0,False
katiejohnson@example.net,$0DS21f4q+,True
upearson@example.org,*C0K%Ez%fa,True
brenda13@example.net,d+_1X8SiKq,True
xwolf@example.com,!8xA1UUpFs,True
shawn09@example.org,Z)9Bz)Wgrn,True
nelsonlinda@example.net,luXL4ZrDz#,True
hgray@example.org,+4U8SgF$5g,True
tammy86@example.com,#KnjeXbr60,True
shannonmorris@example.org,!U9Jf4kA8F,True
gabriel09@example.com,&#q9bUhg(7,True
shelley73@example.org,c!g)ALn0%7,True
rwolf@example.org,*8Jadb8G*i,True
carrie43@example.com,fS2CmSNz#*,True
pjacobs@example.com,^3gMoi)tVX,True
wagnergail@example.com,MDX(3Lx48%,True
richard70@example.net,@(57@XRpP*,True
peggy87@example.net,!rFI#+yL5$,True
leeryan@example.com,u%%V4BgpCu,True
morenobethany@example.net,MxmY5wEb&),True
kimkevin@example.net,643DTkFs_F,True
millerlaurie@example.org,!9mvQ)o((O,True
brownmichelle@example.net,^X^u8JuRP!,False
thomasstephenson@example.com,+1+&Y$StN+,True
joshua35@example.com,!7(Un3Qs^(,True
hendersonsara@example.net,5uY)ntlk_P,True
sarah84@example.net,7$EioAqy^s,True
staciekelly@example.org,##29@N2zt*,False
elliottdanny@example.com,s$h3_YcQ#Q,True
ericgeorge@example.org,xvj9FXdmD+,True
warnerkrystal@example.org,%*4B%A&mB5,True
adam45@example.org,!0ErM7QzU),True
kara26@example.net,_Kuf5iOn)5,False
dclark@example.com,Z9Rq#3bB*#,True
farleyalexandra@example.org,#&$TtUwjH3,True
mcoleman@example.org,Sm+%2LTGE*,True
sanchezmichael@example.net,!5Kvec4cPH,True
baileyjulia@example.net,0t2wIuq)B@,True
morrisonmichelle@example.org,Lc6AC*Pa%7,True
elizabethjohnson@example.net,&NMiEbO)h5,True
cynthia29@example.com,^54WwHdHpl,True
olsonpatrick@example.org,VY_Ws7Ec&3,True
mchang@example.com,6L$3+I7jg(,True
ashleyramirez@example.net,k%VgU68x3P,True
weissmary@example.net,7GSzow8d(2,False
hmorrow@example.net,5^B2PEB)dm,True
tamihunter@example.net,Wj8ckEn7%j,True
judy16@example.net,pf0DW*YrZ&,True
david70@example.org,B7_hl3Xf(a,False
cooperraymond@example.com,)B80IrnPqK,True
john41@example.com,*50nPScJmA,True
glenn13@example.com,c4!QesWx$m,True
dchristian@example.com,bUVe*kww(5,True
erin28@example.com,$8x)WFQo*9,True
emily74@example.org,_RMU9YSvmS,True
johnflowers@example.com,&S*E5DHj87,False
michaellarson@example.com,M(P0PvDu)1,True
caseyhaney@example.org,H7W)PHry*L,True
andrewlambert@example.net,v!@6FHCepU,True
ejenkins@example.net,$WJ04hAht@,True
gshah@example.org,^+8PImuM@6,False
qspencer@example.net,)VGQec43*3,True
elliscatherine@example.org,%D5X@2KbwD,True
olsontravis@example.net,aZ6lCgrb*1,True
monicaaguirre@example.org,G@5L4Ypxzf,True
angela91@example.com,&T23ixKeU+,False
whiteerin@example.org,%J0V^jkGbb,True
emmadawson@example.com,1(8NogyMDt,True
travisfisher@example.net,)661xGNvNb,True
vfarmer@example.net,@q60SGw^_R,True
flittle@example.org,_7TrL(co4B,False
benjamin29@example.com,$9kFO*xRk0,True
stephanie26@example.net,&QB8xHr*$0,True
samantha38@example.com,r*02FEDs5e,True
elizabeth41@example.org,Arns5jWLp^,True
harrisonkrystal@example.com,@U9JCncu@5,True
thall@example.com,y5vcOxuI(S,True
evansjames@example.org,_6iEji_cHt,True
lesliecarpenter@example.org,#Vrr5YRxM(,True
parksteven@example.com,6&97w^GvXZ,True
rebeccahanson@example.org,&+8lAF!Xxp,False
medinakristen@example.net,AR+CJExl*4,False
samantha24@example.net,#9FVAKYamL,False
iwilkins@example.com,R*gR3WLwyo,True
omaxwell@example.net,%ZDTJire2*,True
stevencarr@example.net,$%A4&HLcDn,False
rebeccawhite@example.org,t28AaZWy%c,True
mcdowelladam@example.org,H%7R^LqeYg,True
evannorris@example.org,al106pHDc$,True
poncekatrina@example.net,uB5Enh*7&*,True
jonesvalerie@example.com,%KI*G2NrH*,False
jonathangomez@example.org,g5^7XVr5$B,True
thomas19@example.com,0D5*F4Drbl,True
holson@example.org,&4$Nt5p_!h,True
mwallace@example.com,h*I_8sFr45,True
floresbarbara@example.net,dgX_u9LdY3,True
coffeycharles@example.org,*cJYjkMk71,True
deborah86@example.org,4VE0Ulwh$(,True
josephnorton@example.net,VH662Ono#^,False
pchapman@example.com,sEiy4hYdd%,True
njackson@example.net,gWZn0PHm8^,True
thunter@example.com,i)(6NdhHn&,True
dennis87@example.org,eb6RCDhql^,False
fruiz@example.net,+3ORuvuumA,True
catherine52@example.org,5Or)+6Pj%B,True
juanallen@example.com,F(1Wmu(*G%,True
diana76@example.org,1#EqHCjj%s,False
amyperkins@example.org,(lE_1k#S%4,True
aenglish@example.com,(qcGHdjso0,True
jerome92@example.org,E4R6gSDp!8,False
sanderssonya@example.org,!m$ucGNkq1,True
david54@example.net,oD39!YEu1@,False
ihudson@example.net,+O*P3FcWzQ,True
ygarcia@example.org,j4CTvVeh%J,True
stephen46@example.org,^1OzX(XxqC,True
jeremiahmcgrath@example.net,^cb9Aw^Dz!,True
laurenwatkins@example.org,%VDwnuSr*4,True
julie11@example.net,KFoFe1Flr&,True
fjohnson@example.org,Tk1$ZpeJ@q,True
joneschristopher@example.org,$82EDaomo(,True
angela17@example.org,d5dT%J(c$k,True
lhowe@example.net,%3i^Q0Dwlz,True
ruthanderson@example.org,^#5aBTrUsg,True
jmiller@example.org,$^aEr7XD^9,False
duane89@example.com,#3wDe&cLKd,True
johnny40@example.com,(!_1Nlk@gE,True
gentryryan@example.org,MD8IC@2p!4,True
jasminewilliams@example.net,(7KssX#M^$,False
joannlyons@example.com,ms2f#H0bB+,True
josehale@example.net,9fe6ArWON!,True
hday@example.com,Z!28RiUmkL,True
dsmith@example.com,v5i3W!)V#E,False
hli@example.com,^_aABbWrT6,True
beckyharper@example.com,d3!p+9AcPU,True
ryanramirez@example.net,*^R0McBI4W,True
amylittle@example.com,)4WJqDicis,True
ibush@example.com,13Sl4HJg&X,True
pgates@example.org,#UWlIy)tu6,True
perezbrian@example.org,%H8zOo@nn*,False
hroberts@example.com,@dA!TIRHs3,True
espinozaeric@example.org,4PCA8Kwg^7,False
masseyjames@example.com,&QYH(_wA2d,True
yreynolds@example.com,7#Rh)3oqnF,True
christina49@example.com,Y1J#hjSu!A,False
ashley35@example.org,ShdM$%Wr)5,True
kathleen02@example.net,m4$XFMm7*J,True
gregory12@example.com,os7DmNTs1%,True
vwilliams@example.net,31fFeqID$W,True
vanessaswanson@example.com,_136OWyFi&,False
derrick96@example.com,LD4izGIuX#,False
derekmorris@example.net,_Kcf!3XRk9,False
shutchinson@example.org,!7MF^eZN5l,True
jamestorres@example.com,)7M^5P(uku,True
tiffanysnow@example.com,vsf9kXpz+5,True
jeffrey68@example.org,(i@y6#UnW1,True
perrysara@example.net,!4b0yhEqE8,True
martinezarthur@example.net,M1OCha%2$0,True
smithjavier@example.net,3r9UaGtI$V,True
jacobsonkayla@example.net,#x6CA1fc0_,True
smithsydney@example.com,p+U86(Jl8B,True
vparks@example.net,&m67PsMv&B,False
jacob95@example.com,@eU1COZn&#,True
smithlori@example.org,R1TtFt_i!F,True
christinekemp@example.net,*K8@!Wla(9,True
ehamilton@example.com,$y&oFlfZ1N,True
donnamiller@example.org,(p^8r8Wp4z,False
jesus76@example.org,+98B_ZlQku,True
uabbott@example.net,%4Cl0ein*6,True
jamiewaters@example.net,7wAfkxe7!!,True
kleindaniel@example.org,@pEV2P$m#B,False
matthew48@example.com,1n$5Vb6hN2,True
vtownsend@example.org,@2IT+Teo!B,True
brownolivia@example.org,G6IY!^eT#o,True
mendozarhonda@example.com,2W2XUGNca@,True
robertmccullough@example.net,@*lQJr4338,True
todd41@example.org,l+4uYNym5e,True
michaelwilliams@example.net,ol2KNtvs#5,True
jmartinez@example.org,^2X2AckG@x,True
david30@example.org,$1cV91CaRM,True
kristimiller@example.org,qbzH18NpR(,False
stevensonamanda@example.net,S!0gzOyWUu,True
kristinamiller@example.net,&+67G+uwgl,True
reidallison@example.com,@AtTJvLfT5,False
hweaver@example.com,eh0N%NB&$0,True
claudia70@example.net,Ke3BUs3g_^,False
troydoyle@example.net,&7kA$vOdwv,True
nicholashunter@example.net,%_4GSnAp0x,True
danielleparker@example.com,y(3plY4g@O,True
dmorales@example.org,!UTlzz23Q5,True
johnsonbrenda@example.net,@Sv9uWMdSA,True
deborahlopez@example.net,4(D5YcKMQ9,True
sara80@example.org,qpN30Tyh(Q,True
bradreyes@example.org,Nv7O(ndr1+,True
kgomez@example.com,!NMa0Hyd8&,False
wwilson@example.org,3fYMsMHh%1,True
christopher22@example.net,b#9MfGL#4W,True
htaylor@example.com,*rzeVBh&n5,True
david27@example.org,*R5CpXypY3,False
ethan48@example.net,#xFNbpD1T7,True
christopher88@example.com,P%7J%CqDN6,True
michael26@example.org,OjQebV0T@4,True
kennethcordova@example.com,G07NPx6Z*L,True
dawn26@example.com,O5Hf0McvU*,False
michaeljohnson@example.net,ly3EbzLC_!,True
pperez@example.net,ZVX5iNYq+0,True
timothysteele@example.com,_07Mqiaie(,True
randymcintosh@example.com,d%1@xBshpp,False
kevin93@example.net,!HMI+ohxh3,True
micheal06@example.net,n8DVDPdJ&a,True
michaelspears@example.net,XlNc9KHg+U,True
emilyanderson@example.net,+W5r4T5xOG,True
nicholsjodi@example.net,VF@9KwrYw^,True
owise@example.com,f)0mbYPbsp,True
castromary@example.org,+(Q7Klz3eG,True
brookewelch@example.org,#MVzY91kr7,True
iweber@example.net,%STW#LDmM8,True
jfields@example.org,)X6M8(riJA,True
phillipscharles@example.com,*3q!Gmh)*X,True
christopher38@example.com,!m6yLEidxB,True
samuelgreen@example.com,lr0gTeac$I,True
john13@example.org,5L!P1dtV(),True
ericabernard@example.net,aCOOtUZt!0,True
johnsonraymond@example.org,_T3XEZpw^P,False
patriciaramirez@example.net,a!4pFovLI&,False
brittany09@example.com,U_0BYUElZ$,True
jeanne94@example.com,Q*3FnAho@2,True
kim64@example.org,17PSUg_y%9,True
bradfordmatthew@example.com,K@7gfEGqwM,True
nhogan@example.org,c2KrX3iT+H,True
yolandagarcia@example.org,!cb#I%cb4T,True
erinlynch@example.net,@6A&xRuKNR,True
xallen@example.org,R@7sCBZdFt,True
michael26@example.net,$o!LhUbPK4,True
rubiodana@example.net,yw4+tSi%_2,False
nthomas@example.net,%$3mNdqzqs,True
melissadavenport@example.com,2(6NC7Ps4n,True
deborahsmith@example.org,X3ni_8Ksa$,False
fishererin@example.com,M0JzBkpS*7,True
grahamalexis@example.com,*L&7sLHnZM,True
hodgemark@example.com,qZrKUw$x)2,False
kgarcia@example.org,@N5LzM!6*R,True
david97@example.net,y+8sPc^t!p,False
david96@example.net,(C^3TJwofP,True
hawkinsrose@example.net,$PS9tQTw6_,True
chloerodriguez@example.org,_+b8cNoXzN,True
stephanie24@example.net,MT6PAodm(%,True
wharris@example.org,c)5LgxQO+f,True
hharrington@example.com,*^K8NozJ9Y,True
phillip38@example.com,!8NbuOdQDw,True
janet81@example.com,@_pshh$mC6,False
ohunter@example.org,^49UXFsy(E,True
yvelez@example.net,XX7nW4bF_x,True
john13@example.org,aL0MZBbD1&,True
robertwilkerson@example.net,)+9BCd)CxD,True
pferguson@example.org,3VwTQ_*z@H,True
gregorywhite@example.net,FaZIP5xK)5,True
skent@example.com,_h4Q&id+V0,True
janetwalsh@example.net,+2Qu$UcsZU,False
kevinnielsen@example.net,ALHvJ6EE^3,True
ecastro@example.com,ZENYbb1d)4,True
matthewallen@example.net,h^2w0Yzsz@,False
bondjerome@example.com,_&0AIxuos9,True
kimanthony@example.net,#NE+fo!3A3,True
erin97@example.com,CUXBm(zn+9,False
gmayer@example.org,$!4Gi(rV3r,False
christinawhite@example.net,$bB_M+jIw1,True
sbrown@example.org,*(Mwn$U03X,True
stacyyoung@example.org,_53KJGcx_(,False
gmarshall@example.net,s_5XIicSMf,True
anitaphillips@example.net,Y)D*O4NhKX,True
andre36@example.net,#3QuIUhrDb,True
ruiztodd@example.net,xnQRDTyM$6,True
conniecarpenter@example.net,j(0lKTIa#d,True
robertsmark@example.org,^4H%uMrs!T,True
xsalinas@example.net,(0oGQ21bHf,False
sherry13@example.net,@rk3JSGdYQ,True
washingtonsarah@example.net,Wq5yFUi&v#,True
woodselizabeth@example.com,#OesDMTx55,True
jessicadavis@example.net,s^0Bc6Qg@u,True
claudia92@example.net,i%31ZUe9^o,True
james70@example.com,f!T%phMy*9,True
gonzalezmelinda@example.net,gDKUC4Jy%2,True
jimmy51@example.com,z7$c&eJc)f,True
rebeccawagner@example.net,!$jx8Rid1s,False
michellestanley@example.net,4iq8Q5Fa(0,True
ogreen@example.net,Yo$I1Kw1*g,True
heather87@example.com,w^92Iub5H^,True
vrobinson@example.com,+)06GRvu@N,False
fjohnston@example.com,as17ASy+v!,False
daniel68@example.org,@1DeR$FgTI,False
madison63@example.net,^mNipQG466,True
pereztammie@example.net,%bR0pCn)i2,True
reynoldsruth@example.com,^CHl+xjVB2,False
gacosta@example.net,(9t8TfZizt,True
dmeyer@example.com,K*18zOoe_P,False
whitakertodd@example.org,qY@H3GaE#^,True
skinnertamara@example.net,K!R1K+h#H2,False
paul37@example.net,(8!+FEgtX+,True
lisaclark@example.com,v3ApExpO(x,True
lpierce@example.org,!1GIuLpP+5,True
sward@example.com,I@5BK3bv_*,True
josephfuller@example.org,t&f%I46x(I,True
anelson@example.org,9ts5rJPm@a,True
andrewbooth@example.org,F%6&^AVor(,True
michelle36@example.net,8i@4AGYx&i,True
tmccall@example.com,!Q^TPn5kG8,True
nschmidt@example.org,l5P4LTmq_i,True
williamlopez@example.com,b+0oAxd$0y,True
castillobrandon@example.net,zF91l9Eh+^,True
andrewrose@example.org,J(3TD$aKM*,True
eduardo58@example.com,m&2CL2xbz*,True
brookscrystal@example.com,%K8Z_TeoB@,False
ggarrison@example.com,ovWcxquI(5,True
martinezjack@example.org,pXoL*sjv^1,True
ericmay@example.net,XU6$Kcx&7^,False
abennett@example.com,&6v4Aug@&U,False
michaelwarren@example.org,j@8T#A!m(2,False
brownkristy@example.com,dxzP12SWF#,True
wward@example.net,(3hCc!L4$C,True
spencerjoan@example.net,6C4QCd_3%p,True
nblevins@example.net,(+L0ZxEgpA,False
ufischer@example.com,&)00DYqtIS,True
johnsonwilliam@example.org,!VqPUe%Mp0,True
serranosonya@example.net,_3r)8IrmL7,True
phoover@example.org,fwM$7%Yxxi,True
ssnyder@example.com,+TEzdH@i*9,True
ajoseph@example.com,N)2uY)t255,True
mmartinez@example.org,(xc7P0JiOI,True
mcunningham@example.net,m%&6UFtm4N,False
bcraig@example.net,2JJo9xZdv+,False
anne81@example.org,_x+QJBwuc6,True
kingdonna@example.net,N9Mu&IvJ)s,True
ryan05@example.net,ACE7UD&p^5,True
ryanmelvin@example.net,7#k89RipMK,True
samuelgonzalez@example.org,GE0ZxS@u!5,True
rhondaclark@example.com,lf)N9$RajN,True
randalltracy@example.net,G@3zmDsN@0,True
ericksonthomas@example.net,AOo*9!Jrs&,True
stephensamanda@example.net,)d4Skv9n14,True
jrivas@example.org,A#8oCW1k##,True
samanthavelasquez@example.org,!4EGafv$$r,True
tgraham@example.com,7X_9SGRg#^,False
jamie07@example.net,$fF+5Ll1*A,True
erika63@example.com,(gK7Fs5@_(,False
becklisa@example.org,b+QPyK!S+4,True
mcherry@example.net,9j^3IpaKS^,True
franklinchristopher@example.net,^7D0RjgWTU,True
sherribishop@example.net,HHO9wuyf^^,True
fullerdawn@example.org,81C0$RhE^k,True
watkinsnicole@example.net,$9)qKQtVsn,True
lindsay80@example.com,(L1Pz$xMZ0,True
thomas41@example.com,+05YtuR@m@,True
harmonchristopher@example.com,Vp^U1S_bli,True
ereed@example.org,_r)JOmBw!9,True
roger44@example.com,E$IJZfaR!1,True
carol76@example.org,Y_MI5$Cv3f,True
hawkinsmicheal@example.com,+m8#GfAud3,True
habbott@example.org,&*2B+%Jtl2,True
mary30@example.org,TKFS%hxl#9,True
qgutierrez@example.org,!s2#QLdBeY,True
curtisburns@example.org,w#3GfP$cFd,True
amorales@example.org,(V_1OihHK+,True
jefflang@example.org,O^dY@5FcPz,False
patriciamaxwell@example.org,j9^+t_Vk@r,False
uhodges@example.com,6)5$XEzf06,False
bcastillo@example.com,xJ1&Nisnv#,True
tmann@example.org,+zyZnFyvX2,True
kjohnson@example.net,J12fCyj9!0,True
philipbeltran@example.net,^P9l2grS1_,True
justinmiller@example.com,@3JGUjlwj6,True
dwilliams@example.net,nE_%^6Qd0W,True
hramos@example.net,$KO7IYkep7,True
thomassheila@example.net,#4VRejf(%8,True
whitefrancisco@example.com,eD+5AwheI1,True
travis80@example.net,!QVFhVzMe1,True
timothy25@example.org,k_9^LCLwS4,True
ohardy@example.com,@D2OKXJmRW,True
ebernard@example.net,2qUO9cuU&X,True
collin61@example.org,JM_j0S!q+G,True
kristen04@example.com,W$I9I7TD2k,True
dgutierrez@example.com,&7p2IpKhYy,True
sarah01@example.com,!YR0U%)d0N,True
xwinters@example.net,*PnlnSIm2o,False
parsonsjon@example.net,!8hEmlle4g,True
lisadavis@example.com,@y4Yy5wb%+,True
johnwilliams@example.org,@DI5ApNvFb,False
pcruz@example.com,t$W5EquJl%,False
xhernandez@example.com,+&8IoFK5nj,True
daniel32@example.com,F$1nZLo41L,True
brownrobert@example.com,i^47J%cs8M,True
andrea00@example.net,W(e3CqN3z&,True
gutierrezchristine@example.com,wj&3So#)p*,True
mercadomatthew@example.com,U8CH+wfd(P,True
samuel06@example.com,fC8Gcxsq(S,False
paynecourtney@example.org,!3gGMvK^SZ,True
teresa89@example.org,^yPXcG2#c6,True
fdiaz@example.net,f8GtylKpy#,True
antonio14@example.org,^NvCLSuc@5,True
abrown@example.net,0q%0ZMe37O,True
brandonrodriguez@example.net,mk0PZZ^x!9,True
maryrobertson@example.org,%9885Bg4$m,True
georgenicole@example.org,@BI#6SFiNz,True
gonzalezholly@example.net,1^7Caon#s&,True
dlucas@example.net,!N0$0U3v5@,True
gmoore@example.net,!4WxfAlatT,False
dawnzuniga@example.org,Yp9cUGZju*,True
ahamilton@example.net,*^%aXEaI$3,False
tylerstephanie@example.net,J46Glo+JN!,True
reedmichael@example.net,gt2JaMoM*g,True
omorgan@example.net,q^MVwhp9(5,False
hmoore@example.net,X(&&T0To_H,False
johnsonmarc@example.com,1inH62Ju%+,True
arthur86@example.org,!CSLvCvJs3,True
jonesjames@example.org,#vATn$f*k2,True
jamie36@example.org,A#4EWhcvM6,False
ihodge@example.org,^gEftCFMt7,True
ugarrett@example.org,B&2NCXExoY,True
sheppardcarol@example.net,!(_2XA0fs#,True
jenniferdavis@example.org,VG1s5GLag#,True
mayerglenn@example.com,Cm4Zj+_Y*6,True
cassandradavis@example.com,$cSbGucet9,True
umarshall@example.com,vGT1dGhX_m,False
troy09@example.net,)r0E)Hx+AT,True
maurice46@example.org,#l9WioYRC4,True
craig62@example.net,_1pU%3*s&Q,True
waltercole@example.net,!a4ASuRwGf,True
beth51@example.org,^nGjzR6k3y,True
kingdawn@example.com,&@j8y5a0qQ,True
gordonnicole@example.org,%0j6ohWk81,False
wdawson@example.com,(45iXm3xVC,False
michellebrewer@example.net,+VYJsWlPe2,True
wendygoodman@example.com,(clVnZh8)9,True
jessica06@example.net,E@cF4D^fqN,True
james28@example.net,U^8UmuDRm&,True
ggillespie@example.org,ED*n9cQf*m,False
nicholas06@example.com,bA%8Xi5yp+,True
linda25@example.net,q7KwF$1A+H,True
sean45@example.com,)C6TBOy$j@,True
georgeneal@example.org,n#4L*@QoMl,True
vbrown@example.org,@)b1QNwc8f,False
josephglass@example.net,+(f27Mza@K,True
chad35@example.net,Z$HdheYb+1,True
jacksonwhitney@example.com,(4StTK2ZwD,True
asmith@example.org,&mtM5nSm&W,True
halljohn@example.org,83MckaZ%*^,True
coxderek@example.org,!)cV1S6Yw7,True
lhodges@example.com,m5M+l_rS*u,False
ramirezkevin@example.com,^tX0kKbZN2,True
mariataylor@example.net,*2Nrnm*kY5,True
rosborn@example.com,owt4SyNx8&,True
montesricardo@example.org,F(u5)0LvsN,True
dyermary@example.org,u3bT0MJh#o,True
obrientiffany@example.com,k3TqWWGb*h,True
mary90@example.net,Vl&LJ3ZyxE,True
ubell@example.org,#hNa9RozLp,True
smithtiffany@example.org,g)0WicPdbr,True
vclark@example.com,8#X1HcnVmA,True
jaimehawkins@example.org,(7L2DTngKw,True
cturner@example.org,XJkP9Vozm!,False
victor97@example.com,EM8MMOds*^,True
groberts@example.org,F^k54yQthL,True
belindabaxter@example.net,)3yGWdjzcq,True
robert52@example.com,_HDno!Z*57,False
lisarodgers@example.org,$7CIwc9KKJ,False
michellecabrera@example.com,1(ypHjjZ)V,True
brandonevans@example.com,$i9jRMn^K%,True
jmoore@example.net,5)*U#Hqt^8,True
davidmeyer@example.org,aA+3IE%b@H,True
sramos@example.org,*5PZd%$Fnb,True
zgolden@example.net,i0J7M!bc*V,False
ellentodd@example.org,(fFv)cDKT5,False
briana98@example.net,#JK5S#KsY6,True
yguzman@example.net,%d1Th+*e0y,True
mario64@example.org,)bhXxZxM0P,True
rebeccacampbell@example.com,4c7Wbe093^,True
alicia08@example.net,A29F!eX6w),False
nicole10@example.net,$Q7)2%ah2$,True
bryan68@example.net,I&z3hW_bjb,True
orussell@example.org,w_3UAIrYlL,True
yramirez@example.com,f*0505RYNs,True
taylorheather@example.net,Mi7ZuOQS)u,True
allen63@example.com,3Tj7LVEl$8,True
david28@example.net,SbNXmZ99+3,True
rhonda79@example.net,+tS5%0Zx1T,False
morgan61@example.net,_62pRz4(3R,True
fcastillo@example.net,3d4P5Pqt#y,True
lsloan@example.com,0SIs&lr*#3,True
moraleschristina@example.org,lu0B7z5bN#,False
wromero@example.com,36ofWaDd(b,True
nicholasnichols@example.org,rJ0C1Lmcx),False
harrypatel@example.org,+%OO1PsmA*,True
brookeburke@example.com,w@2W$uaMM2,True
robertmoore@example.org,C*7ThKuaf4,True
smithalicia@example.net,@4Uc3lJ(l9,True
david94@example.net,%R#)8Q2wSD,True
ballardpatrick@example.net,$(06KJtoM6,False
jennafletcher@example.org,$j$8abFpf(,True
pattywalker@example.net,08nW+pJ5*g,True
gabrielochoa@example.net,CE6K*&1t_@,True
fgomez@example.com,^u1qBAJlT@,True
swansonemily@example.net,_Fb$QVwwR0,True
tylerclark@example.net,^XM0X0uqOk,True
taylorkelly@example.net,7NCJi5jd+3,True
martin96@example.org,Lu^2GH8erz,True
laura64@example.com,)qHUBaIe4S,True
flynnshannon@example.org,4p*H8DryZ$,True
katherinestein@example.com,fy3G)WLDO$,True
jamesholmes@example.com,dNw*u5IyDc,True
sergio87@example.net,M#r9Hz8@Q@,True
joseph06@example.net,8545iExN_j,True
jonathonayers@example.org,Jdva8QgX_+,False
hrobinson@example.com,*YXa7Eos$2,False
carly63@example.org,%42Y@p&w*b,True
kevin42@example.net,1pS)RGSx^v,True
turnerlisa@example.net,^S6Dq!KD3i,True
edgar76@example.org,L4HssGnm+8,False
beckerjacqueline@example.net,S^wb31phsT,False
jeanterrell@example.net,3eSTtbqp+8,True
brianhenson@example.org,o&x4&BlEoB,True
davidholland@example.net,+u7&@NHw(X,True
smithalicia@example.com,y1zqPY5*%x,True
joseph09@example.org,G2fXMcIb^h,False
parkerteresa@example.org,(Z3G^cjK4U,True
anthonyperkins@example.net,Cs0jKxEoJ&,True
robertabbott@example.org,D1Od6@s7#g,True
ajackson@example.org,2_5XldS*+F,True
wallacepatrick@example.net,3)U%YFgb%j,True
parksangela@example.com,#8dOm*J4p*,True
hickmanscott@example.org,@14wo4He$N,True
destiny13@example.com,Z^6$nmcG!2,True
kristicarter@example.com,ufQ6Mhuh&@,False
rodneyayala@example.net,@6qVYZLuK_,True
rwilliams@example.com,+8CgWL7iXo,True
christina78@example.com,v(xA8UNrGl,True
carl22@example.org,m@78sG@sf*,True
ibenton@example.org,NoA3KQae^4,False
qdixon@example.com,TWFwcBJb%6,True
dannyjohnson@example.net,t3FprU3O#+,True
mirandagilbert@example.net,)0B4Iw#xN$,True
jasonharris@example.org,*44FyliIM3,True
jkrause@example.org,Ok0ZKnTN&z,True
callahanjason@example.com,8V4Yl5Df%P,True
gonzalezjames@example.com,JE@1EG1o*T,False
taylortommy@example.org,(6!QFtKCRr,True
kristi07@example.net,@)W+l4ieWZ,True
nmiller@example.com,(@xb!KRe#6,True
dominguezbrandon@example.org,!&5o1O!q(t,True
nharvey@example.net,YO69EItmO+,True
christopher70@example.org,^#5tXISl!o,True
ericstevenson@example.net,!G2vBFcozM,True
morganamy@example.org,QPj2x_Kk2!,False
atkinsmeghan@example.net,!XRa1QT##5,True
christopher89@example.org,L9n2lKLi%_,True
anthony03@example.com,^)f0Hf97#&,True
leeemma@example.com,E#E8OVsC^1,True
sjohnson@example.net,5eFfi!nu&(,False
changdaniel@example.org,)2AclA3YkT,True
erinle@example.org,Li2GK8Cs%m,True
xrobinson@example.org,jkQZd8GN^7,False
rosemaria@example.com,!%UEMb_s)3,True
christy57@example.com,!AZdRVfT7),True
ghernandez@example.com,$M9LWj%(KA,True
dcompton@example.org,5xg(oGv0$w,True
rebecca98@example.net,13t2BSzj)o,True
phillipsdeborah@example.net,#417+XbkBe,True
michelle27@example.net,c4bZ3l$o_D,True
deborahmyers@example.net,$K4TOBckb!,False
traviswalters@example.org,a_D0lwEmek,True
ogreen@example.com,*U1c_1Xxop,True
johnchavez@example.com,8p!Hn7(t(e,True
williamsonoscar@example.com,Z#*12NlC%7,False
uhampton@example.org,J8##0Tjv!i,False
smithjoel@example.net,J)B33Dx%fu,True
donald51@example.net,h_5ReDOuKW,True
jordanmark@example.org,ET2GupGQb^,True
cramirez@example.net,CJIlKQh($9,True
tclayton@example.net,*(5Cz+HiSN,True
sheparddiane@example.com,I4CP@3yc!A,True
soliver@example.com,ako0Fri8$H,True
iburns@example.org,)$h+6HsSWH,True
pennypotter@example.org,@9G6BJMsTa,True
owensphillip@example.com,PC_4L!xpNs,False
sheliawaters@example.net,D*9EYtfB_^,False
sheryl83@example.com,c^9yZKThF%,True
debra13@example.com,5@XTWzw@#R,True
ronald66@example.net,kbS9Fqqms%,True
donna92@example.org,*83tMXAjy&,True
awallace@example.com,iD68gqMr#_,True
thudson@example.org,yASM#foe)5,True
zacharyhill@example.org,eUZN4EzZ$$,False
katherinelong@example.com,_2EaMO3oH&,True
sonya40@example.com,d1K+e+bF+6,True
jennifer24@example.net,_#w#^2Cz#6,True
kimberlyscott@example.com,eICA%!Pl#4,True
sherryhill@example.net,(s6_tMdmzC,True
chad91@example.net,j2O0TWMe*a,False
nicholsrodney@example.com,x)6968E(@i,False
william73@example.com,S%63C)4bvn,True
smithtoni@example.net,A32PUCiW$x,True
kdalton@example.org,uVj9ESXb+g,True
brownjonathan@example.org,_mnUGibO97,True
vpierce@example.net,_3X+0HEc8$,True
chall@example.org,v+0jFemaf%,True
josephnielsen@example.net,f_%4kYTp@P,True
james66@example.net,$6CKx0QvYU,True
lneal@example.com,@FDAHcHff9,True
victorsims@example.net,!2WDUtSuNd,True
racheldavis@example.com,$*A6)gMnFP,True
kim72@example.net,_V6K0OaN6u,True
markmorgan@example.org,1Z0lC#p9l*,True
cynthia63@example.org,#iRra@67h7,True
terrellbenjamin@example.com,*Rz8JJNg(4,True
waltersmelissa@example.com,XIJX3Oyd)7,True
fmartin@example.org,nvh7N4fG(!,False
zamorakatherine@example.net,*X9^z5To*4,True
stephenfrazier@example.com,_DAs+hl_24,True
gwendolyn62@example.net,%gN3^G*f^(,True
xjohnson@example.com,Li%3IOYnLd,True
bensoncody@example.net,+N9V58vCF*,False
james78@example.com,_Xr7Pavb)(,False
keithgallagher@example.net,!9p&OqiHNo,False
wardchad@example.org,@mGxkcSiU9,True
catherine84@example.com,33q#N^Wp*6,True
kelly24@example.org,B&L3w6ze+V,True
johnsonglenn@example.com,xgN0mRivX@,True
salazarchelsea@example.com,&Q4t4dGlJ$,True
lesliedavis@example.com,3RZx(#1g%B,False
jensenandrew@example.com,%wXyJB80$3,False
ekim@example.net,dKE7HwrwY+,False
ethan21@example.com,kkLkUNAK&7,True
michaelgreene@example.com,#rr7LIVvCg,True
stephen79@example.org,)!3X6Ui!C^,True
simmonslynn@example.net,w+8LJ$PvZ@,False
kacosta@example.net,$!%+EYLa4c,True
ksmith@example.com,d$7OYz)DH(,True
carolinehayden@example.com,X7hJyi5V(N,True
raymond70@example.net,nD%@03Lwm%,False
whanson@example.net,)QWUkP+A8h,True
james55@example.org,%$_j0ZXwB+,False
sanchezkeith@example.com,+p2M$i2aJ#,True
dalton97@example.net,*$1*HKktLf,True
wgibson@example.net,*6Q3XQCU3r,True
clarkheidi@example.org,Se9Jmq7ZD),True
nguyenkathryn@example.com,58eKZM$a$P,True
kevinhumphrey@example.com,L$eu6XTo8J,False
edward89@example.org,^90Wd4e6+I,True
samuelortega@example.com,Y$b1)_De*8,False
inelson@example.net,xF9Kt&xi@1,False
blairjohn@example.org,!4AIqq)T5y,True
curtisblackwell@example.net,WI0efYml%R,True
lnovak@example.org,05rTotkg_B,True
onelson@example.net,S25Ah)&e%#,True
michaelduncan@example.org,+9kHia*QhJ,False
carol51@example.net,7#sBh4xj!C,True
jrivera@example.com,r00Eu39S&b,True
marissa19@example.org,g!6DQMZe$*,True
dmoore@example.net,%MmR(w#l7n,True
ophillips@example.org,*Qc(8Aq2s@,True
justin23@example.com,%PW&Bjct#6,True
katie33@example.net,v_6PuSt)2s,True
nshields@example.net,Q9J1eUaI%!,True
meghancervantes@example.com,m0xYOpCm!!,True
omartinez@example.com,%@YDCcqbF9,False
ubutler@example.com,aqQC8f^L&6,True
bentleyjoshua@example.org,d^3dY4i%W@,True
andreawalker@example.net,SGn6J8+t^6,True
zwhitehead@example.org,Px5e(YTmS),True
younglauren@example.org,mIi7XC^p_%,True
stefanie98@example.com,k)2CKAdfVD,True
colleenali@example.net,^eAHqSTu8j,False
randallpayne@example.org,J9rbQGof(8,True
rebecca89@example.net,8xHAJpJ9)%,True
amandaobrien@example.com,wq(7Al%xDi,False
aperry@example.org,_$(9^En430,True
tedwards@example.com,)29wJs0Iz+,True
robertcowan@example.org,fw4uYWfd*b,True
taylorjennifer@example.com,^kKzWXi!6z,False
nathan93@example.net,yz0UbD6&A@,True
darlene89@example.org,KTmPwch@^2,False
breyes@example.org,q6xDMT!f$J,True
kholmes@example.com,c)S_76R9Zy,False
curtisanthony@example.org,y75Ahj3Y&F,True
holtbeverly@example.com,5&4Q4ALYOm,True
kathleensanders@example.org,Iu#5N0Rdxk,True
robert70@example.org,B+8B7fWGTv,False
christopherhamilton@example.com,*1Z5e#H06p,True
brandtmichael@example.net,(h8oXXZ9#+,False
katrinasilva@example.org,$1lQMt9sH1,True
jaimeallen@example.com,)yxu(1OybS,True
melissacarroll@example.net,&pCA_sTR!0,True
wilsonnicholas@example.com,)1MT*r#CXp,True
fdiaz@example.net,XVB9(cNdu+,True
mlopez@example.org,!1G3TfMfHg,True
wtaylor@example.net,WRrq1Pz2Z$,False
macdonaldsally@example.com,SQ5Lr)tKl_,True
nhudson@example.net,F)w3CL1Amr,True
elizabethstafford@example.net,O9(yVxp3&E,True
michelle54@example.org,$Whj1C+b2P,True
wongdavid@example.org,@4Syg*RT8m,True
qlove@example.net,(daz3MHgA0,False
jgriffin@example.net,3@W2K6aG7g,True
evaldez@example.com,%ASt_90cZ8,False
kenneth30@example.org,+wtUH5$mE0,True
ugarcia@example.org,gTVTr71dG$,True
luis48@example.com,^G5uVRwbbu,True
brandon22@example.org,)U2t_2ZlpG,True
fsims@example.net,@G*JQ(VqE4,True
rothsheila@example.com,6KM_I4Ec4),True
wblackwell@example.org,&r(Y20Cre5,True
brenda31@example.org,6%d4zMT$6d,True
qle@example.com,#vBnNFIke5,True
roybrian@example.com,u9P*sTsL)*,False
melissagrant@example.org,2Z0o@Kdp3),True
vbailey@example.org,*qHK+0FLu1,False
iesparza@example.net,5cCxju7O#2,True
dknight@example.org,%IVh5Kw&F2,True
noahmartin@example.net,+rl2I0Uk3!,True
stephanieterry@example.org,Yt117bIeH!,True
lawrence75@example.org,_$58KiYrKA,False
gloria28@example.net,sd+B4NXrj%,True
irwinkrystal@example.com,4#VZMcwz^3,False
joseph30@example.com,H1217AXh^),True
ytodd@example.net,AD7E9qRbG^,True
lewisteresa@example.org,&PUBp_Ypl9,True
christopher86@example.com,V+f5*cYft6,True
norrisjoshua@example.net,+(4RcO&s)$,True
zreynolds@example.net,a^q6D_zjiR,False
barnesmarilyn@example.com,&v8v8#Sm&Q,True
wgeorge@example.com,%ptq5WIdH!,True
calvin18@example.net,tDh1@5JyL#,True
utodd@example.com,@1bE7Czx2Z,True
dustinguerrero@example.org,2t4Gn(00+a,True
vanessawalker@example.net,!0ZS0nbI9J,True
jbutler@example.net,ns(0A%kR+1,False
eddie52@example.net,8O^%9FrFm!,True
jacqueline21@example.com,$a^PN1Ofa*,True
potterchristopher@example.com,9V)0BedyT),True
dwalsh@example.com,@7Z!qVjoh7,True
susan33@example.net,L33OPtBb_x,True
imooney@example.org,lV*n5AvE*&,True
troyray@example.org,+*cqZm2p3G,True
zachary41@example.net,f2WD5dLY)3,True
smithjimmy@example.org,a9T)z8^s@!,True
afisher@example.org,T%7cGfw#G0,True
cmontes@example.net,KEC7WWkA%9,True
marcus72@example.com,(wG&45Nay@,False
kimberly66@example.com,iUOnU7MxA&,True
rodriguezpeter@example.net,O6%if0en$5,True
weberpatty@example.net,k!V9yoMsPb,True
sethmeyers@example.com,2jBh0fTwz),True
amanda35@example.com,##Q0FDvqX+,True
steeleedward@example.com,#0UEf5!w^y,True
porterashley@example.com,x2FiZIke&J,True
jacksonroy@example.com,3+!5GCahQ(,True
flyons@example.com,V_6uMDAruh,True
xhickman@example.org,3)J0O9Gm++,False
ricenicholas@example.org,*V(1j_Ps7%,False
joneal@example.org,@UJ!0zYap0,True
haasteresa@example.org,dg6BCqDbH),False
ywilliams@example.org,oi^3Ysy_VF,True
whiteheadbarbara@example.net,b4P9D3Pr&o,True
qbradley@example.org,4u4@B2Hy^X,False
erinallen@example.net,*L8Cjkyhfb,True
griffinemily@example.com,_4iQ&#tUtZ,True
michaelbrown@example.net,+6d#3LDKdR,True
darlenelopez@example.net,$PSe9HkdU2,False
victoria14@example.net,Y$7PBdmr$J,True
baileyjohnson@example.org,$n4IuwjkuG,True
zhernandez@example.net,$B8OsEpoD7,True
vflores@example.net,*bC2ZMiLP6,True
cesar35@example.net,4%6$3EpI(K,False
kwilliams@example.net,_G_+y#HqE5,True
richmondbarry@example.net,@mIMSdQr3I,True
troyallen@example.net,U67x9Kcb$D,True
regina98@example.com,_1mDhnp&Re,True
rrivera@example.com,p2WvLcnY(r,False
simmonsrichard@example.net,^%FB)n+UU1,False
eric02@example.org,20UF_Wn@)1,True
jasminejohnson@example.net,Zv^(q7Io^o,True
nicholemclaughlin@example.com,E0ALGOh%^f,True
martinezkathryn@example.com,kSJ9Q85wN_,True
maxwellhenry@example.com,#1&oCN8P^f,True
april78@example.com,)7_HDRypGk,True
christopher68@example.net,3&4N9R54sq,True
thomaskelly@example.com,TVw_EZ8j(9,True
nancy41@example.org,*$6_2pUij(,True
alexandrasnyder@example.net,k6kvSiC9$x,True
dmoore@example.org,Y3xia(gi^6,True
brian36@example.com,p_7Kk9vx)B,True
jason99@example.com,jCX#g1mky$,True
bakerkelly@example.org,)qFu5yZun6,False
tcraig@example.org,F%9mCbtiCW,True
veronica01@example.org,H*QfNx)A^2,False
kbutler@example.net,$)LhzJJ#r5,True
emcgrath@example.org,%3rMQw6gn1,True
michellelane@example.org,XHUi7BJuB!,True
jaclyndixon@example.org,#W8UHJl)C3,True
susanking@example.net,)hSWhYi&l9,True
tarasimmons@example.com,I)(3bMqCP&,True
matthew21@example.net,13&sAZIn)(,True
ryangarcia@example.org,40%WYw&2*5,True
holmesbob@example.com,434Rvchu#i,True
mcdonaldvanessa@example.net,+4GK8O8Jvf,True
johnsonfelicia@example.com,&#8_A_y+yX,True
danielevans@example.org,+B(@p2GrEB,True
caleb96@example.org,d_0Gm9Iw1!,True
cross@example.com,jw7YWguY$k,True
monroelauren@example.net,(ZXtXk%3)3,True
harold16@example.net,!3A9#kknSg,True
ashleyjackson@example.org,qR1Rqw_)#!,True
mle@example.org,%FLF@3EaF_,False
johnsonapril@example.org,6_7YC*q(85,True
sheribradford@example.net,@ZHOQ6MsG@,True
johnsonjesse@example.net,+0^YsBL0bt,False
robertwilliams@example.net,RSFPcgc#+1,True
walter94@example.org,yZ5dUM8d(A,True
ysmith@example.com,j7DzzMyq!y,True
erica58@example.org,%I8NdPt5J^,True
rlong@example.com,uNh911Dw)*,True
oscar02@example.net,na8XKZ6C0*,False
natashanoble@example.net,@h!0$Hpomr,True
snyderdawn@example.com,s#_8KtZ@kd,True
owensjohn@example.net,!pg8BcvEkA,True
tinawest@example.net,lFu!6Mji@f,True
qmaxwell@example.net,7bN6j0Ud%R,True
vwilliams@example.org,_fr0dGc&f^,False
alexandra48@example.com,*J4)^fXpJ0,True
flemingamy@example.net,yK0fU6Lx%1,True
treed@example.net,8$8(7FzM8I,False
timothymadden@example.net,_GASE@Z4g3,True
ronaldlopez@example.com,$@4OGl&wD$,True
oconnorchristian@example.com,70kfXphg%w,True
stacey74@example.net,z(!7JdTRAV,True
tiffany96@example.net,FoUHlZxN@4,True
hernandezstephen@example.net,&4vNX9lF!X,True
alexwarner@example.com,r^2Amf0iZT,True
carolynsullivan@example.org,a$##B2Be6L,True
xcolon@example.org,t@^h$4Vb1n,False
candacehernandez@example.org,+1%EYS0k7i,True
richardsonmary@example.net,&S3WyM1oWh,True
zgarrett@example.org,0*L6CTqdpm,True
delgadokevin@example.org,W)7Y)wovy),False
markjones@example.net,(Z9oZ#uYqF,True
scaldwell@example.org,#r@Im8Gc&9,True
melaniecrane@example.org,X_&9IyaYFh,False
larsoneric@example.org,bJ6L#qNr#H,True
kevintaylor@example.net,^bSKoRy2%3,True
gabrielroth@example.net,V13AU0w3(8,True
udaugherty@example.net,y)7VJ%#nLH,True
warrenjudy@example.org,(7wXqO2hbn,True
denise22@example.com,z1E&YCjh&k,True
christensenwesley@example.com,e4LUeV_k^i,True
brookebrown@example.com,&11CaKUZl5,True
dmiller@example.net,$2$lEbE(5B,True
johnvillegas@example.net,HM6Gtj_GF!,True
diane43@example.com,P1SfkNln##,True
katherinewatson@example.com,VL6Zvjxc@%,True
dylan59@example.org,@4lJYCtwlB,True
heather25@example.com,)6!TEUv_45,False
adamsamber@example.com,6u0IzYgD@v,True
nicole53@example.net,)3oKfyhr20,True
higginsjulie@example.org,#nxqUPq@o4,True
browndonna@example.com,KM8(RhlAj%,True
joseph63@example.net,Tca7MKmq&l,True
deborah09@example.com,qdya6BCeD_,True
jholmes@example.net,(a5G$($@9*,True
alexander49@example.net,8TwG#9Pc)Z,True
breannabishop@example.net,V6VlIwrs@S,True
johnjones@example.com,u9ZiTD9j^8,False
gregory03@example.com,_O3uLZUtH5,True
amiller@example.org,R)7GmJ%gAk,True
wwoods@example.net,)iT(10HvgG,True
nicolerobinson@example.net,k+J0jS)cDP,True
kevinclark@example.org,*!C7E5tN(Y,True
frodriguez@example.com,@54T(ed%%R,True
lynnnelson@example.com,+95+KpiMY^,False
martinrobert@example.net,$0EjcTXnm9,True
mirandachristopher@example.com,!LA2Ff2YT3,False
hayescarolyn@example.com,9&Pgs8bt%6,True
sandrarodriguez@example.org,+z#8Lw&7+T,True
kirkalan@example.org,+6cGSCpVx@,True
keithwilliams@example.org,L1T!Rp7y(i,True
ymills@example.com,O63ZtUYs$S,True
ufrey@example.com,Z@uh7VZbCf,True
drakeshannon@example.org,cVoex0G(&8,True
harpermike@example.net,$P6@8Q^o%i,True
mbrown@example.net,*c4#BZf5di,True
stacyharris@example.net,v26osLQw^M,True
vbarrera@example.org,T%2iZU1n+9,True
kimberlyroberts@example.net,YDbEz2ba@2,True
ewingamy@example.net,1zJZEoSL$0,True
crussell@example.org,88t2zNtfy&,True
jefferywinters@example.com,_d1IOFh05+,True
mariaward@example.org,$@fiFCUy6G,False
joseph47@example.com,@3MZMnKbSv,True
pstout@example.com,@1OyaTZJop,False
kimberlynash@example.com,h8epYlcA_f,False
colleenmorris@example.net,%T0!JNEi%a,True
charleswhite@example.com,O9RTdT&%&Y,True
steveanthony@example.com,&6*T_vvi7E,True
jacqueline28@example.net,$7v)+FI+f6,True
dlewis@example.net,r83ZqGaQ)s,False
urios@example.net,rS@7IeJmdS,False
vstevenson@example.net,+%4EHXTxQW,True
erik81@example.com,W@mz1Br#6I,True
psantos@example.org,@HZ5Y&BoT(,True
vwhite@example.org,_@F1YkPhmU,True
ronnietaylor@example.com,&x)6UHVafB,True
robert96@example.com,&12XAc7z+s,True
scott67@example.org,h!PKcWwk!7,True
ashleewood@example.org,zz(E8MUjHE,True
cherylbenjamin@example.org,*1Uf(H0C(k,True
brianadams@example.net,&bXvUAOa!2,True
kathryn71@example.com,O1slWMiO_t,True
dawn27@example.org,Iz9XT!Mn*),False
iholder@example.net,g$4G3Jb34F,True
hburgess@example.org,U(2CRhmQ6),True
ronaldwilson@example.net,^2L2oSQtrg,True
nathan65@example.net,3_7XAivhe5,True
austin63@example.org,!b3kMgUnl5,True
howard57@example.com,w#Ip6OFaz5,True
robertray@example.net,wa1B+gT3)+,True
brian81@example.net,$&)0pDy%g0,True
dblanchard@example.net,p!7#lKWXob,True
paulcordova@example.com,^iWxM8Fz9),True
lisa60@example.net,$B#2UosnfX,True
ramirezcraig@example.com,tfHYCnxG*0,True
bruce16@example.com,!64G9ye%w4,True
nwilson@example.org,MJ2&5Zxm@_,True
hwhite@example.net,*0*Vo5QEdR,True
tbowen@example.net,rNk4ENie(1,True
ianderson@example.com,uq66!!Qa!O,True
vickilopez@example.net,5dU1GHWm#H,True
ajordan@example.org,ZuSLZ$mw(0,True
jackiebrown@example.com,g+8NYWvmxg,True
johnsonbryan@example.org,K#47V+ai+e,True
marquezpaige@example.org,r$YDnwN$#5,True
evanshayden@example.com,+bgBjj$Ej5,True
bennettian@example.org,hM6NY0tKf#,True
pamelakim@example.com,W5C(Iu2j_O,True
xbridges@example.com,*YY7PNdjB+,True
llewis@example.com,7a8Mo$Ki)p,True
kirbybenjamin@example.org,e_S)%0KgUB,True
xjones@example.com,xcT6HkTf!K,False
beckashlee@example.com,FX^i7eLuoW,True
paulrobert@example.com,2!9Mvsf%Qg,True
terrencewagner@example.net,S&9mGUzdE@,False
jschmitt@example.net,G(NIL5EhjW,True
qcampos@example.net,$0oLStUn74,True
lewisjulie@example.org,U^7Q*3Qr@C,True
jessica48@example.org,!6(YcVX&gp,True
ayalakylie@example.com,Da1Z^lL8v+,True
mark36@example.com,bgx1HOo^*^,True
khoffman@example.net,H10)+jRw(M,False
brentpace@example.org,vfJAsOcd%8,True
susan89@example.org,+^O60ICfxW,False
dphillips@example.org,1z2i_eGl+J,False
joseph31@example.org,*muAkVouz4,True
ashley85@example.org,A_A9Xpciiw,True
mjuarez@example.org,*u8m9Dtc!V,True
jennifer02@example.net,&aF&&!Kq6R,True
racheladams@example.org,&m@05UBql),True
briansmith@example.com,#5xLOQAj^o,False
breannacampbell@example.com,+1*AyaoCMr,True
anthony67@example.com,_7yxaHLe*l,False
joshua47@example.net,d*(d40UmZ(,True
lisasalinas@example.com,%y%q)0Ofp#,True
stewartjohn@example.com,_6w9PGpqeB,True
clopez@example.org,mc+u3Y2f*p,True
sarahmurillo@example.com,l$UE3Ut8^8,True
benderbrian@example.com,_iLZPh%yj8,True
annjones@example.com,(O8AnMio#),False
brian55@example.com,$BEkzUzcl2,True
kevinjones@example.com,)2IKqkX9A*,True
jasonkerr@example.org,e5C_tsg$_s,False
greenjeremy@example.org,f9LeDnVr*r,True
brownmark@example.com,&liJe3*q@7,False
rsimon@example.org,asod7Xue@x,True
ewhite@example.org,(Q&2m(Uw#a,True
brandi83@example.org,Rx0AD8zM*F,False
jenniferphillips@example.net,+e#Nhs*v!3,True
dawn54@example.net,k#8l)I5aod,True
carrieschmidt@example.net,%y&qkNF0&2,True
edwardfoster@example.org,2TPuwSpQ$),True
anthony00@example.net,Ak@1xSFl&g,True
dmacdonald@example.net,&0M^AGM&x$,False
danieljimenez@example.net,sjD8Gt*Py^,False
garrettwillis@example.com,@_AyyfBxf8,False
daltonwalker@example.net,A1eJMOvU%U,True
alexander65@example.com,9KPFcZgc$d,True
ydixon@example.org,!7IlMWXi*2,True
bridgesandrea@example.com,S(ssZ3W6$a,True
pbruce@example.org,+4Ocv3$V)J,True
shannonweaver@example.org,!Lfw2Uey%l,True
mcdowellkevin@example.com,)95Lsby^^D,True
lindsey25@example.org,&)@SH1vb#2,True
jessica73@example.net,2mN@*XFw&d,True
hmatthews@example.net,_GSwuHRh31,False
charles82@example.org,4(W8IFs^rS,False
jessicahoffman@example.com,n#iOLV7m#5,True
cardenassteven@example.com,1DuQRqir)f,True
jeremiahmercado@example.net,@INifven47,True
jacquelinejohnson@example.com,TCj9EklmF^,True
nolanchristopher@example.org,opR5oNkHC&,False
woodsallison@example.net,$plxpaX)v0,False
alexander60@example.com,*U9grBlj^K,True
katherine45@example.net,cv%1fXk)4+,True
jefferylyons@example.org,ec&Z2B!qyI,True
stevencabrera@example.net,p^#z^3Atyf,True
davidmaldonado@example.net,&yZ6G!wj@q,False
rachelphillips@example.org,0bH^Ptcr&1,True
smithtina@example.com,@8%SMf%ipq,True
qprice@example.net,738&vDh_)F,True
smithgary@example.org,aoC6zDCv)7,True
julie77@example.net,79M3%FUyt(,False
uallen@example.net,B*BcJ1TyVP,True
elizabethwilliams@example.org,Sb_+frxe*8,True
ycarpenter@example.org,3j6FbevGR(,True
fhuff@example.org,bLVIxSl1!6,False
bruce04@example.org,*DnC3Mb@*C,False
arangel@example.net,NY(0KSvbJQ,True
bbarker@example.com,!7EQEBt*C0,True
john01@example.net,#e5S!%9kiZ,True
fitzgeraldjanet@example.org,(2lJoZqK*(,True
yhunt@example.net,f)MR51KdZe,False
samueltate@example.org,2hwxM1Cm_#,True
efranklin@example.org,%O9Ja*X9^m,True
robertwilliams@example.com,dD1NpBf%5#,True
pruittstephen@example.com,a7M#*PrO@#,False
rileyelizabeth@example.com,bYp4EyTv&B,True
richard73@example.com,AR+5&6iHM!,False
joshuadunlap@example.com,xm3S8IcP#L,True
lauravaldez@example.org,M7_l2KVf25,True
owatts@example.com,)TePWmYw!8,True
lacey46@example.com,^tOR$ppu4T,True
james71@example.net,RyoX6GOee*,True
wdean@example.org,ksBV+ulQ&6,True
eugene99@example.org,kw9PU^si#Y,True
renee66@example.net,Z_v2TAuosJ,True
wtran@example.net,9QL2Z%t%@c,True
warrencurtis@example.com,v2RC)8rD)f,False
carrie00@example.com,(Q8Sjw%aH(,True
smithkevin@example.com,+P%(0!Lx!Y,True
williamlove@example.net,*w*V1Kr29u,True
brownhector@example.net,i+A9BpFwMr,True
kyle09@example.com,@T9YChqEQ1,True
petersonmelissa@example.net,^5lo*TLb3l,True
ethomas@example.net,vua5Kh30v^,True
fosteranita@example.net,(24Z9T#_*z,False
nolanmichelle@example.org,f7uNUGPv@#,True
jason84@example.com,wvj4&8OfY@,False
olivertaylor@example.net,+fp0LN^qC$,True
johnsonleslie@example.org,+6QgPNaC1k,True
pphillips@example.com,RZew+4LnS3,True
christian22@example.com,)6+&BTz!!w,True
kristin60@example.net,h3D)iW2k#x,True
warepatrick@example.com,TQ@s4NvtL1,True
ernestjarvis@example.com,Yt5OBlmm+$,False
vkelley@example.net,f)fVuC&H@3,True
mrobinson@example.com,i$u9C@&gsx,True
gary65@example.net,9Tem2S48_s,False
hterry@example.org,6xq3RZl#L^,True
kenneth91@example.net,Q8t1mUXub@,True
jenniferramirez@example.com,Q1AM0ClR(R,True
veronicaford@example.net,n*!8plPe1w,True
qblackwell@example.net,!D6lYcnSgA,False
blackangela@example.org,7*6jhJmT@7,True
reidashley@example.net,+7ItVJRbPv,False
anncruz@example.org,ex80kSpK_P,False
dunnthomas@example.org,%c4mI$bq2$,True
tylerteresa@example.net,WLEv8Aqu@g,True
qmiller@example.org,*a9r0oKu8+,True
angel04@example.com,!Of&Y4t+%4,True
bakerkevin@example.net,$N7D9d8!T*,True
johnny43@example.com,#8#)TX@%Mw,True
tross@example.net,)uq9CNhDI),True
fmcbride@example.org,%wjRTkyAL9,True
gibsonsandra@example.org,!Z!syCjpz7,True
robertsonlaurie@example.net,s*45HG4y^$,True
anne20@example.net,UY0Qzan$_1,True
greg59@example.org,$4paMn*^2F,False
christinedennis@example.org,hk#LJMdD&0,True
umclaughlin@example.net,%5!rShRq#X,True
robert96@example.net,urKK)2KiOg,True
edwin86@example.com,(4#qA2OyDk,True
mullinsjacqueline@example.org,x)2OI65$nz,True
tperry@example.net,(8JH44b77Y,True
christopherwilson@example.net,99(5pIzNwM,True
victor78@example.net,m*T6(RtZL$,True
imoore@example.org,!ycLuAKW7Q,True
daniellopez@example.com,@$yOiB%&c9,True
millerjustin@example.net,J7EI2Riz!t,False
cindypena@example.org,mJEQXoj(#3,True
fwall@example.org,)4@IhNVNEC,False
christianharper@example.com,%XGMnf#y8X,True
douglas45@example.net,z3(Oup#4(Z,True
alawrence@example.net,%UZ8Wp)xS2,True
kyle45@example.org,4B2DSi9oK%,False
qramsey@example.org,#gzJ^IW!d9,True
rrodgers@example.com,^d2LVvSOEq,True
crystalhernandez@example.org,)8yJxsZ%d7,False
stephaniebrown@example.org,sM1z(5Dvi@,False
lchavez@example.org,Q2fJKFNZ^w,True
hallgarrett@example.org,%muo&fZmd1,True
warrenjimmy@example.net,@6&BXdYd_q,True
hudsonshelby@example.net,w0VNNfgi!p,True
matthew65@example.com,ELB1Fi)v#B,True
jenniferking@example.org,9#!GMkEf^k,True
brian15@example.net,#1Nvhfp&1e,True
mirandafranklin@example.org,#@)AW9UxG+,True
elizabethgonzalez@example.net,m@5sKeL#yi,False
alanbarr@example.com,(^4VtKErP!,True
yfrank@example.com,3h99hO&yf_,True
matthewmckay@example.com,L^em6Mh9Z^,True
karenreilly@example.com,hVI5O&Kt#%,False
barronthomas@example.com,V%T9(Rquu1,True
christopherphillips@example.com,+5X3IeGIlI,True
ryanmonica@example.net,v(4*AcYTh_,True
iellis@example.net,#wX!0UqY!M,True
kaylaglass@example.com,6&8QjApy+&,True
jennifer98@example.net,w_1Qvlr5Y6,False
cschneider@example.com,#uK&Zrirl9,True
arnoldtracy@example.org,5aI2Lnm2^+,True
josemartinez@example.net,n@ZN8dbF!7,False
kevin73@example.com,1g3zE_0p!e,True
gutierrezrenee@example.com,0rZ_n6zq@j,True
rsantiago@example.net,^k@zQ*nX42,False
wmason@example.com,saBWrAif@8,True
kathleen57@example.org,1N4D7w9Og_,True
sclark@example.net,J9p03Bwq!K,True
iwheeler@example.com,$)U9LQ%Haa,True
jessicabarton@example.net,(1cMR3gaG),True
chamberstodd@example.net,%GS0@GSk^_,True
shelia95@example.com,H5ZnQiTU%r,True
jwilliamson@example.org,!4L+T#ZrdS,True
william67@example.net,%0AegEMs*f,True
justin86@example.net,5m3MkD0H_9,False
cwarren@example.com,$1KGjNDfEm,True
grodriguez@example.net,P)z4d5!iIC,False
cwhitaker@example.com,qX4D7bDwS@,True
dylan95@example.net,#7QvX4dBc3,False
haasstephen@example.com,36wFasGH!l,True
bcastillo@example.org,uGa$81Xdz&,True
kevin01@example.org,tH(H3D+r(5,True
kyle54@example.com,US7G4JIs+C,False
zachary16@example.com,*SHDh)2D72,True
kristy79@example.com,#_6O$BvhrA,True
davislisa@example.net,_cyUmZ1P8s,True
eric92@example.net,!5KJ#QzY(P,True
crawfordmonique@example.net,plEMitTx_9,True
aaronwebb@example.com,@g5DrGtp^R,True
cochrandana@example.net,Xy4KLh)W9$,True
mariastevenson@example.com,&73M2zgg(%,True
catherine56@example.net,k!3yDXHe)q,False
daniellecarter@example.net,I%bO3(6b9E,False
ryu@example.org,X7PtQO8l^x,True
badams@example.org,Ue1Oo0VXk),False
loriwang@example.net,@4blH2DdV*,True
robert41@example.com,+Uu9XtbW^8,True
randynicholson@example.net,#v^a+BpZB6,True
pattersonjoseph@example.com,g%v5RcnQi5,True
brentlawson@example.org,p(sa2Wg7lh,True
odixon@example.net,Neh0T!pD)$,True
brian86@example.org,jb1MgYxva*,True
kleinnicole@example.net,$rNzZaKh0C,True
dana99@example.com,fwusIO*B_4,True
hannahmartin@example.net,m)n50aCt5l,True
jmartin@example.org,1kc#4$VopJ,True
smithtracey@example.com,%B1CFPtF3l,True
kaitlynmartin@example.org,&OG*Suy+8W,True
stanleykristen@example.org,had^JspQ)7,True
michaeljimenez@example.org,#b99aOgw_%,False
lewisrobert@example.org,g!^9Dm#yG!,True
jonesveronica@example.com,i43Cj+jc+#,True
christopherhurst@example.net,#2p@2c3kWY,True
edwardschwartz@example.org,+*l2ZDwvr$,True
kristenhenderson@example.com,#3qCt8wZ(r,True
christopher24@example.com,y!ES4aG4wu,True
kwebb@example.org,*@Uu(ZSCc6,True
stacybrown@example.com,sVYF+Maz+4,True
toddanderson@example.org,G&RL1sad!0,True
danielkelly@example.net,9fV(z&w^^&,True
baileyshelby@example.com,G+12GFYoDh,True
iallen@example.org,HaKLYgo+^2,True
hlee@example.net,0g1PMb2!^2,True
suttonmatthew@example.net,&X1Fj6yK$a,True
brian47@example.com,PI6MFb7%s+,False
vcastillo@example.org,IC^+3Kqttm,False
steve27@example.net,)e3Gfv_akc,False
swarner@example.net,LJpTtnpK)7,True
gconway@example.net,(4pfBrs8@A,True
tonyajohnson@example.com,M#Y5A%vUEQ,True
nataliesmith@example.org,%4HILf+!bD,False
druiz@example.net,4m@6OivqBp,True
brian74@example.com,hi91%1Bwnb,True
aaron37@example.org,v*W%u2MxIx,False
gpeck@example.org,Sp3JPRy4*$,True
christopher81@example.com,#m)E#TwcW8,True
bonnie96@example.net,$*K7DfUl#@,False
barbershannon@example.com,$2BrFtb#M!,False
ltaylor@example.com,ap$%4Al12j,True
sandramadden@example.net,R286WGMh^b,True
kathleengarrett@example.net,23dwX1Tib%,True
smithmariah@example.org,$$X2VgAm+U,True
nelsoncindy@example.org,JI7Z+he1_&,True
crystal88@example.net,k3EP&ONi&3,True
mrivera@example.com,x&@4Iooy1+,False
thomas07@example.net,^JN5Oubs9#,True
paularnold@example.net,BfU4ncns#1,False
ninachan@example.net,UifX6G8H(*,True
conleypreston@example.com,jUW31(uP2_,True
claire04@example.org,Xa6QK!Yj(a,True
rosesnyder@example.org,(*s6UiA3$z,True
martinjoseph@example.com,CO8FvLJ9&f,True
kevin26@example.com,W(8RRjuqta,True
annethompson@example.org,&gI4IP(c2P,True
dsmith@example.com,$(#3AywoRO,False
whitneycrystal@example.net,p!9LFF3pe1,False
schmittsarah@example.com,52hx)AnK#o,True
christopher01@example.org,m61jJU%n!J,True
douglasbrian@example.net,$OBxiH+&R1,False
wweber@example.com,#E2IuYcjvE,False
rperez@example.org,_(Ra3Au3OE,True
angelarodriguez@example.org,%4N4p%+Whd,True
craigtorres@example.net,@X5ZQrpm&7,True
joedavis@example.net,%91iYQ+e6J,True
phelpspatricia@example.net,Rb8QV70z^O,True
jeromeschmidt@example.com,l!WB1Pdu(E,True
jenningswendy@example.net,4&_Yj6Lrk5,False
tammyross@example.org,$4Lo4!PyD$,False
yanggarrett@example.com,l(1aHTwwSs,True
reevescandice@example.org,&3uMEyvepJ,True
michael62@example.com,C$s8yCYoEW,True
vanessacarroll@example.com,H(%@$2ChV),True
donald49@example.net,_3XI#)heFL,True
lisawilson@example.net,7$1LTNpo+F,True
zfisher@example.com,+OAvTMn300,True
nicholsnicholas@example.org,E@)@b2HUZo,True
dlawrence@example.com,S6^9Pd(M!4,True
donaldschwartz@example.com,UQPc7X7q)2,True
jonathanroberts@example.net,4A7wRayY)4,True
nelsonbobby@example.org,Fy@4Yysd9r,True
lauren80@example.com,le0PEGpq^T,True
stephanie91@example.net,6e*)6FwOr+,True
martha58@example.net,CBz6WGGf)+,True
villanuevanorma@example.org,ZY!d6bTqEp,True
denise25@example.net,*TVdX(mK34,True
donald97@example.net,@JDrhWy@6^,True
kimberly31@example.org,o(v)G0Lb*A,True
judy09@example.net,%G7RiugW%s,True
gregoryharding@example.net,)02VHwF4!4,True
xestrada@example.com,J%n5WtzU#u,True
phanson@example.org,*1Bvi3#dPG,True
lauren26@example.com,M8o5tULt(Q,True
reneegoodwin@example.org,!8Dvka5xsb,True
bblevins@example.net,JeRWu@Rk_8,True
powellsavannah@example.net,hUL9@$Qo_1,False
charlesstanley@example.org,_#z^9LuyTk,False
jameswalls@example.org,H#1d%BQh&m,True
apreston@example.net,n*02)SjyX0,False
duffykatherine@example.org,Bc+6O4Nmv#,True
flopez@example.org,F2Pgp$0Y+c,True
christopherpoole@example.org,$cxcJvDpb1,False
jasonellis@example.net,VXKbvdiZ@5,True
cunninghamrobert@example.org,8#2HJfD&xJ,True
henrycolin@example.net,R(T1RzSeh#,False
ddeleon@example.net,Nv9xXmAF(&,True
curtiswood@example.net,L%5Xr9Io_z,True
ryanwest@example.org,(2JQHA9jpQ,False
wangkevin@example.org,dUa1JCkuO!,False
walkermiranda@example.org,!7^cAppH3B,True
rodriguezmadison@example.net,@#s39eFbEw,True
williamsondenise@example.org,+@Wpjpdx@0,True
mmitchell@example.org,*!fE!1Ln!V,True
theresaferguson@example.org,eDOuZ@El$5,True
debbiewilson@example.net,a8wSnViq(b,True
sbeck@example.org,hA64R3Vr^W,True
vstephens@example.net,Mix6_NZbo*,False
diamondolson@example.net,$!l6n4NgrD,True
whanson@example.com,nvGttPHP^2,True
penadavid@example.net,KgL2LNNx@A,True
steven83@example.net,(TJ9iiE@6$,True
marksjoseph@example.com,QV%4UNVk)$,True
osnyder@example.org,^po92Iv^p5,False
joyce66@example.org,4eB&qqcv#1,True
carl27@example.net,)&VvM_qwu6,True
rmurphy@example.org,@74X$zlr3^,True
josephsandra@example.org,m*7qKGaAK&,True
nmcconnell@example.net,dk8IlWuy&8,True
olopez@example.net,#*1OddSLGf,True
stephanie54@example.org,1GKhltLl^k,False
susanmarquez@example.com,#3^9T!nr)K,True
haley57@example.org,_7CQQe2af0,True
roberthill@example.com,*ewG&&PxT5,True
amycarpenter@example.com,j2McCmgn_T,True
loriserrano@example.net,^^ND1pr%^2,True
kphillips@example.org,4$2Wr%EQxw,True
coxkelly@example.org,ts6+U+#e%6,True
xcole@example.net,T$SfK3Zoqn,False
jenniferfitzgerald@example.net,Os4Sv#yp+h,True
steelealison@example.net,^4^6J8@yXO,True
laurachan@example.com,EeltF6IgU#,True
hornallison@example.net,_@0kIBDkQj,True
mwilliams@example.org,Gx4Iip*dl+,False
ramosjames@example.com,d5ZsnR2$%h,False
dhill@example.org,+44j!zQyDl,True
davidmaddox@example.net,_3B4Fh^lmF,True
thale@example.net,+5@LL7BNHj,False
plewis@example.org,)j3NWP*m8l,True
gregory22@example.net,g1Hg05SdZ(,True
denise72@example.com,KD7FwB@j(k,True
ngrimes@example.com,7t$1X&pdM1,True
ijohnson@example.com,V_Sz2tfFCK,False
donald57@example.org,_yC9V)cVq4,True
zlawrence@example.org,%5SIQkf8Lh,True
danielleraymond@example.org,6DIfXs_o&h,False
smithpatrick@example.net,&x3U^&6u%0,True
oedwards@example.org,Y)hLR6Je#o,True
utorres@example.com,EH#h6Zl(ng,True
boydelizabeth@example.net,qun0*D(cb^,False
wendy31@example.net,m%6wf^Uf6I,False
taylordelgado@example.net,o$)2N)XpnY,True
thomasjackson@example.net,Y1uTWhzi)k,True
vhoward@example.net,zPE&6CnSOw,True
bradleyoconnor@example.com,32%Ki9m&#X,True
marklopez@example.org,#h1LgWrw8e,True
jennifergonzalez@example.com,)MMeolvzK3,True
tcarroll@example.com,JAH@T8TowT,True
ekerr@example.com,&3mQGoCwqO,True
jessicawebster@example.com,!G04ldJfg0,False
whitejames@example.com,wo6cXW9e2+,True
ytran@example.com,$H9FPdMaCp,True
ashley86@example.net,Yg0d4ZijP*,True
mark74@example.org,+nbMjthw5r,True
alexandragilmore@example.org,y$4aHJeV$U,True
jennifer34@example.com,%H92N0Gsbk,True
stanleyjames@example.com,CZ4(wHKv^H,False
xmcmillan@example.org,MgQdJBrP!1,False
haley04@example.org,_l0OE$#wi!,True
pchase@example.org,z+2rT*oY^Z,False
brendaingram@example.org,+y3#5Rf9%0,True
smitheric@example.com,vG*b@5By(m,True
iprince@example.org,@4%7CheR0M,True
joseph26@example.org,_92PM+3u%9,True
christopher99@example.com,iI1UTGiW%8,True
mccormickdawn@example.com,L#BP1vU(&8,True
garciacraig@example.com,5!Y4GedLzy,True
cameron55@example.org,cq6P+4J+Y!,True
jonescody@example.net,A+JWhLub_5,True
jennifer64@example.org,4F_R5Zvhul,True
longmelissa@example.net,+GI1o!^z6o,False
carpenterjames@example.org,2g1ZU!uc^0,True
strongjoshua@example.net,_hj8LZgwXz,True
travis05@example.com,c#G$0x^s)6,True
charris@example.com,L*9Gyzi6(E,True
alexandra43@example.net,L#1OOSiW%1,True
laurenharrington@example.com,y5xGrERf+I,True
dcisneros@example.org,Ztq_36RkA_,True
christopherrichardson@example.org,e_(h5NOk+9,True
jacksonangela@example.com,B)&7tRSwp8,True
ngarcia@example.org,38XA1GhJ!j,True
nelsonstephen@example.org,gl#1tOQnuC,True
christina98@example.net,(2fuKiYdxN,True
connerdarrell@example.net,p5BO)GDl&q,False
pfrank@example.com,(#GS7Ejm$l,True
ljenkins@example.net,15JgK13)!6,True
richard92@example.net,g^%1M8j5+s,True
kylewhite@example.com,1$CG+Kwq@L,False
lisa66@example.net,%6uC3lMp&0,False
jessicapeterson@example.org,*m1HalL+HO,True
kristi99@example.org,+801Z3qBc6,False
turnergary@example.com,0!Jv5FcS8l,True
kcaldwell@example.org,9h1&QxgGB_,True
kathleen40@example.net,!4qXcSg7t8,True
taylorandrew@example.com,$P2EcVmFQS,False
barajaskevin@example.net,N0FvArdE(3,True
kdaniel@example.com,nxKtoZ_g&6,True
wendyaguilar@example.org,*5HSzyzq_y,False
josephwatts@example.net,J5n%@Tt$+F,False
michelepeterson@example.org,OVUX05vfw$,True
rossjustin@example.org,*ncBM1pNP0,True
gonzalezautumn@example.org,8&5UJq45&j,True
nwright@example.net,@8K!0r_I&3,False
kellymorris@example.com,r@s112xzzC,False
zjordan@example.org,#2*PjTth#9,False
chad09@example.com,#%&84A#izN,False
ericlopez@example.org,IvP1XSEiH^,False
christopherburton@example.org,(BFh%FpaD5,True
desiree33@example.org,1nChm(Mk@D,True
taylorjennifer@example.org,z7IIEXw1_r,True
castanedacatherine@example.org,$9ClLy+Wcb,True
megandiaz@example.com,YFx_HMaJ#5,True
lfrazier@example.org,$Rt1AKHt#),True
uyu@example.com,+6nXLm@191,True
bookeralexandra@example.org,)TLkcTv%R7,True
drakebrandi@example.com,0oHaS9yG#),True
mariahpearson@example.com,C2GCnQ*5(+,True
nharvey@example.net,jLs7O&+z1(,True
robert37@example.com,(4r2DfbtJD,False
alexis36@example.net,%8bPRdEgD+,True
cbrown@example.org,JERYJGbv+8,True
youngstephanie@example.org,1qn4IDqX&4,False
jessica07@example.net,y^4MZcihnw,True
mitchellpaul@example.org,+I2TdFs*y4,True
amandapeterson@example.net,^0&EN)osN+,False
kristy55@example.com,+Y&JaPdA9!,True
cruzmichael@example.com,L_jA1UjC(2,False
jbowman@example.org,Zi2%Udu_I_,True
alexandrawilliams@example.org,_g3Pbt0cU),True
stephaniemiller@example.org,*h6A0FZya7,True
thomasbrenda@example.org,&s%LUWCm9S,True
jamesholt@example.net,&dVp1oKyEo,True
miranda57@example.com,#lXAmh9EB3,True
martinezdebra@example.com,e%1XyqNw(Z,False
barnesandrea@example.net,84T#kh3B!e,True
laura39@example.com,$zT2avC9W8,True
tinalopez@example.org,_k2UTQYowi,True
hansenjennifer@example.com,*T!0NeUw!T,True
ygonzalez@example.net,Hva12^ZZU&,True
wcampbell@example.net,1j9cXq!Z^h,True
brendaherrera@example.com,$OQsylSq3L,True
pattersontodd@example.com,_9w+nOBr@u,True
butlerandrea@example.org,*zWM_S%Wu1,True
megan22@example.net,6Xj*AFrw+k,True
mary35@example.org,s8zQgwf@^u,True
ekelly@example.org,rV3Mkp9a&Q,True
carrieharris@example.org,)k2W_jhs&v,True
edaniel@example.com,tYn&t9jq#8,False
schwartzpaula@example.com,H&P7Vi+y4&,False
nashtammy@example.org,Eo!kY1NbV*,True
sshepard@example.net,@2TUNts5_W,True
jonathan16@example.com,VhVLBX$1#0,True
ibailey@example.org,%5pVfx!Pck,True
lisa61@example.org,UZZ2X1yg@$,True
ischroeder@example.org,3vZCvWzV+C,True
snyderjacob@example.com,rN(w7XnlH5,True
warrentravis@example.com,s7Jlno)o&0,True
richard30@example.net,i4g3Yc^v9*,True
ryan65@example.com,k%1cW6lRKs,True
ortegatimothy@example.org,uD0FvTw%(9,True
katelynwest@example.org,n!09akG0cj,False
steven56@example.net,!tQR1OThm0,True
lhenderson@example.com,0+TV*3HrFd,True
stanley09@example.com,wBx)2+qke(,True
williamsstacey@example.org,+9_lV$1z!c,True
zstark@example.net,!9PFH!bqU%,True
charlesbond@example.org,lYM7mZcs(3,False
hinesscott@example.org,g9LIDfhD^T,True
martinezwilliam@example.com,KW(oMoUw_3,True
dfrye@example.com,x5ux77Of7(,False
carolynsuarez@example.org,ue1e9N1pa%,True
haysgary@example.net,1dCXdN&L#0,False
cantudebra@example.net,_JPfXz#H!9,False
cunninghamautumn@example.com,#@oa_SsA$6,True
ericallen@example.com,lm)0N1LjhA,False
johncochran@example.com,Jx0LbLsgH+,False
chelsea12@example.org,y9YuPm5@_M,True
danabishop@example.org,a81f2urn_L,True
victoria95@example.org,3+eYTwPm)I,True
thomasmedina@example.org,SAD6Da)wd%,True
cindy79@example.com,D$#a7z0ggW,True
vargasjames@example.net,g+7VR^Lbwm,False
valenciaandrew@example.org,X09%CiSKr^,False
sara01@example.com,p4EBp6GcN_,True
riverafrederick@example.com,A7Ytroxq@9,False
christopherdavidson@example.net,(t3PAzTewd,True
osbornejoyce@example.net,&(88OimE3A,True
ashleykim@example.com,G(%0GEhc3G,True
dpowell@example.com,*6_r_#Fxeg,True
emiller@example.org,99Mvr7*Z^Z,False
williamschristine@example.org,&aGm%Ptu#1,True
smithapril@example.net,RRI7#x3z(5,True
angeladrake@example.com,Ot$Sp2yj+7,False
wreese@example.net,wWHuQ0b(!6,False
james55@example.com,vm*c1yEu7B,False
perezjason@example.net,15XV#pV&@I,True
nguyenluis@example.com,a+^2aFw#%&,True
olivia96@example.com,6C6gYHu&m*,True
idoyle@example.com,!q+M5IYhzu,True
dawngonzalez@example.net,#+9QiY77Nh,True
acoleman@example.net,KoPm8oGur$,True
zcortez@example.net,j3&o7DYe0^,True
gonzalesdavid@example.com,#UzSFTi$!4,True
john85@example.com,UX7jVJRc+W,True
anthonybentley@example.com,3V0Dp1Za%&,True
jesseromero@example.net,gscSItNd*8,False
howespencer@example.com,3fU4M&eX7_,False
chadfrazier@example.org,+4LQTHjY7O,True
scottsamantha@example.org,7)oDh0mB_8,True
nicholas81@example.org,+t03HJLwb^,True
edwardbrown@example.com,b&6iRX3r+K,True
melindabradley@example.net,E6L5l_ky@7,True
john07@example.com,!^ycVVkij2,False
michellefrank@example.com,C2^DOMAm(z,True
vincentbruce@example.com,0gJKAy62^8,True
hcollier@example.org,pMbAejps)1,True
james50@example.com,1m_yFd6S*k,False
whunt@example.org,!0F)^aG99s,False
lindsay78@example.net,!r!1UA)h(3,False
kerry40@example.net,x4ZnZUKM#F,True
likerri@example.net,d&7jgZNs%F,True
julieriley@example.com,7Ar@8fwpc+,True
james96@example.org,%z%J0B)a18,True
sanchezgeorge@example.com,(8ZgPGf6)N,True
judith06@example.net,4P0pVKaM!h,True
jenniferadams@example.net,J4CblgBw^$,False
hudsonjames@example.net,IR8(WRkji*,True
timothysalinas@example.org,XC2m^hJx!y,False
clintonwolf@example.org,$%8HvW)pCS,True
dhernandez@example.net,VFi3OI5d**,True
haasjason@example.org,*0nBvyj#0x,True
dayamber@example.org,@+2Lhpp)!M,True
tanner53@example.net,!*F9YXvL@6,False
nataliemendoza@example.org,U7w)nTar!7,True
xsnow@example.com,kBc2$mli%!,True
jamesjordan@example.net,$#Q4i5Id!Y,False
angela90@example.com,6(fqlgr4YZ,True
matthewsdaniel@example.com,D)68C&^5Jr,True
mccormicksarah@example.org,E5N4AoXq$S,True
catherinejackson@example.org,*9XS1wpP5y,True
russellwallace@example.com,@a2Ncdk7$7,False
mitchellalexis@example.org,(4%q2Vct%G,False
cprince@example.com,%#AZH3Ng9Y,True
sean81@example.org,%#iJU%^aU8,True
william58@example.org,dj@6VgKh@$,False
michael01@example.org,8uBYlJEa)Q,True
benjaminoconnor@example.org,7*04XR#k(5,True
schmidtamanda@example.org,@%Jk2z#t0h,True
michaelmann@example.com,+l#WSz)%p6,False
heatherleon@example.com,tE&V9Qzgg^,False
bowmanandrew@example.net,)0XgpjD)4c,True
adam89@example.org,v0G6$8Jaw@,True
allenkristen@example.org,+2ZfMem)_3,False
thomasperry@example.net,D+HYV^FeA7,True
gabriellegilbert@example.net,q_9LlPd8)h,False
xtaylor@example.net,Eb8NreTt_J,True
mckinneyveronica@example.org,)2K&*j+6xD,True
garciaallison@example.com,EaMc8YYZ7^,True
amandabradford@example.org,l14J$FMb$A,True
pamela52@example.net,66p5qLx2$v,True
jonowen@example.org,^5Cbw*AAjd,True
eric30@example.com,+yA16Rp$t0,True
marymitchell@example.com,QFRWdo%P(3,True
cherrymatthew@example.net,2P1CC1z&)W,True
johnsonjoseph@example.com,%oTs1Toru8,True
jamie71@example.com,i%8NLzR%@1,True
petermiller@example.org,k6mwP2wd+1,False
chungpeter@example.com,c2Bqr2J3)v,False
xmoon@example.org,C^1ZWcpQ^e,False
bradleymcguire@example.org,(kAQVPLTV3,True
donald47@example.com,7&d84eknFM,True
hmoran@example.org,M#9SXzX4)f,True
cookjason@example.org,$J@_Vxyc88,True
cannondavid@example.net,o4OR9Abr@y,True
dianaevans@example.org,K1jPW$vc&e,True
joshua09@example.org,&TjlEcRj4d,True
cdrake@example.com,xd@2G0XnmB,True
jamiesanchez@example.org,+h3NU4Gf)%,True
wheelereric@example.org,+9O(b!IR$4,True
amitchell@example.org,F6OOEq*S^l,False
robert15@example.org,+&#7H(fdv_,True
stephaniejackson@example.net,$5jO1TNeU4,True
jaimerobertson@example.org,rH1X+drSI(,True
timothyharris@example.com,#p7W%&UnM(,True
ellismark@example.net,eEP0uoFn_k,True
johnsonchristopher@example.org,Y_Hv4F)p+N,True
owensashley@example.org,a41BueAp+7,True
richardpage@example.org,*NRvDjjWV3,True
zmoreno@example.net,y@%J_6IhXI,True
coryjones@example.com,5@nV9Ww7$4,True
robin72@example.com,geT5Oh*e@B,True
christinalopez@example.net,*1Ze8MoT&F,True
jodi49@example.net,%MWUccyc1B,True
kim13@example.net,0kXLPJsO!z,False
christy07@example.org,E3QJmxrL+n,True
justindavidson@example.com,Dx4GP79q5@,True
lyoung@example.com,*3PHV6npsP,True
hedwards@example.org,kPBKb7W9(3,True
johnhanson@example.net,F#&0KVyig+,True
teresa99@example.org,K(5mHKlbc&,True
pennylawrence@example.com,rF!2VWw0Z1,False
ginamontoya@example.org,f67f&wOI#O,False
andersonsarah@example.com,N36@9Zz6v&,False
hschroeder@example.com,4#MeeQs_(*,True
hardysheila@example.net,lEPDwc@3*8,True
ndixon@example.com,p&0UIIbwj*,True
davidwatts@example.org,lfB#!1GoTA,True
greersamantha@example.org,#2Pl6WwrXr,False
theresaporter@example.com,hU7SU_Ft0_,True
lambertleslie@example.org,l1c_@LRh&M,True
tracyford@example.org,CN!9Xqckz@,True
bryan08@example.net,#mzfaM2e3V,True
terrance30@example.com,6cz5#Mv&t%,False
bakererika@example.com,(_0P#FSnvp,True
jburton@example.net,!HN9uBNai#,True
chelseajohnson@example.com,E&+7iHu(O5,True
bburton@example.com,@U#YLhxv7m,True
hwade@example.com,%+x1Fw8stj,True
bfranklin@example.org,!tk%tQa6y3,True
morrowdonald@example.net,fbL6*VBrk*,True
whaynes@example.net,5(G(0Vuq*X,True
crystal74@example.org,J0*2LWXw4^,True
dustin92@example.com,&2NI)ZTp(G,True
roger78@example.net,e9Nb%Ur@_y,True
tweaver@example.org,8l6(D(qUR),False
henryjames@example.net,D1lX4IbDd^,True
lauren76@example.org,a5V0plrZ+h,False
rmiller@example.org,^v7oEnAVVa,True
james12@example.com,E3M6iIol(6,True
rjones@example.com,^6fUeZlE^_,True
archeremily@example.net,1a5Yl0N&@i,True
bennettrebekah@example.org,)mP$DOgQ7x,True
cindycampos@example.com,(ua4B)qgS4,True
arthurrobertson@example.com,*r3&I4usRp,True
tommybryant@example.com,F8VoqMz(@L,True
craigbowen@example.org,sdcNGMnV^5,True
paula30@example.net,)1Ep@MkDgE,True
davispatrick@example.com,+fm6T+9c(0,False
hreilly@example.com,)^9SJ6$p9R,False
joyguerrero@example.org,0lKp)PZc*p,True
ujohnson@example.net,i09iXyqZ+O,True
jarvisjohn@example.com,#4x24ZsfdS,True
mcalderon@example.com,!c@()UbI!2,True
howardrandy@example.com,&5+Dv&Tpaa,True
rossjoe@example.com,S5J9HuvU_!,False
millerbrian@example.org,^5SMOj$hP9,True
oramos@example.net,(*2aB_Hqb7,True
dustinfisher@example.org,@1UumP4qYX,True
gpeterson@example.net,^7B9uGwO*T,True
vdaniel@example.com,*hvQOa!5i4,True
qtaylor@example.org,hK5NaIf_*6,True
uguerrero@example.org,T8T#orb9_0,True
cwillis@example.net,#5uiXC@_5p,True
thomasnatasha@example.org,Vg8AFieNE_,True
ggarcia@example.net,en7E#TxC!0,True
suedonaldson@example.com,9N0b3UUtJ_,True
zmccarthy@example.com,%qPqvbrzH9,True
cweber@example.com,A#85NZywG6,False
youngbethany@example.net,@8)VmBbRzo,True
cfigueroa@example.com,@mD3q4Jp^6,True
ykim@example.net,*ny5Ws(6)T,True
charles36@example.net,H5oJ&Dug*D,True
strongmonica@example.net,I%J8Jj@n!Y,False
bryanwebb@example.com,bxNQlTrK!1,False
lbrown@example.org,DQH1OEfYT$,True
martinezamanda@example.com,J8JCMrbK*6,True
corey42@example.org,Rnx3k6Ysn(,True
lisagardner@example.net,^de2zVvaMQ,True
philipmahoney@example.com,j@7zE)zuRt,False
ccompton@example.com,3oR12SHzw^,True
phendricks@example.net,4gr)JXbu)5,True
deannareynolds@example.net,_EPyiqE^(1,True
rfitzpatrick@example.org,%2MB4gtno@,True
patricksharp@example.net,A7F$prSJ**,True
rjones@example.com,^y8uBQoq%x,True
steven81@example.net,e3FJSmj(*5,True
john98@example.com,1A6+38Cbw(,True
uanderson@example.com,&@)b9G+u4j,True
diana49@example.org,4%DX91Hx#0,True
marksscott@example.net,0ldtVKxk++,True
bmartinez@example.com,(bZ9vF9i)1,True
taylorricardo@example.com,+S33RgCT1j,True
nicholaslee@example.com,NPnU1kHs*0,True
matthew14@example.com,n&20bF9Jzt,True
david06@example.net,%jq9T1HtNj,False
jgonzalez@example.org,@0Lw0yurUK,True
harrisjuan@example.com,)30NwEYbjC,False
eugenebarnett@example.com,!Ln3P42c40,True
markjacobs@example.org,F(V48PXlNJ,True
schultzmichael@example.net,)(7xV7WcjT,True
christinawaller@example.net,9qr2COSf$&,True
joshuaberry@example.org,jpx#FKyn$6,True
gross@example.org,*q&XDPoPe1,False
jessicagarrison@example.net,1rDF7_P+#8,True
jenningskristina@example.com,_N_4STzo%c,True
ericcarter@example.net,@bErw!QAU0,True
carlparker@example.org,$wM!J4HoH5,True
paulflores@example.net,*3cDnTLG6T,True
amber77@example.net,&Y^tQT$m2l,True
benjaminoliver@example.com,23GLRkkJ@),True
toddvasquez@example.com,@7Wm%GKSe0,True
jonathan15@example.net,vh5@NVxUJ(,True
jennawhite@example.com,%Upd2fSri$,True
dylan43@example.com,m&3TDjC0(t,True
adamsbrian@example.net,re9Ch&eO5+,True
allisonjulie@example.org,*a5QUh0bjA,True
steventhompson@example.org,B%_KPJDwU1,False
scottmorrow@example.net,8%$Ez2hxEL,True
lgeorge@example.com,xS)FKn%s_4,True
ecortez@example.com,&mGCvK&1p4,True
david94@example.com,+9Ld7a*9T%,True
riosjuan@example.com,72rsKiAf)7,True
michelle18@example.org,u(^k54QrW_,True
sellersfrank@example.net,s^92&ITaVb,False
racheleverett@example.net,_mKdruEQc0,True
hthomas@example.org,_@VX25WhO9,False
kingkenneth@example.org,$$9NYNto9h,True
odudley@example.net,H2gSWcUt_$,True
cameronelizabeth@example.net,SuF_YAOu!2,True
maryjones@example.com,*9NOWUup+g,True
robinsondale@example.com,RSX8OeQI8@,True
michael03@example.com,9u7X5XAx^i,True
jameswyatt@example.org,&CLW*X0o4$,True
josephandrews@example.org,%5Qh69_jl3,False
garnercolin@example.org,vLOE+xZr*0,True
fulleranne@example.net,%&94J4VsQ+,True
thomaschristine@example.org,sF^G2E5wCb,True
rileyheath@example.org,_73YXZCmP$,True
christiansanchez@example.net,xw5_SGWf1$,False
vincentnguyen@example.org,t(25Ndo)t5,False
benjaminjackson@example.org,&3S^op89Ox,True
wigginskayla@example.net,T5MUqYsW+p,False
wolfedavid@example.org,+Bo50n6j*),True
andersondaniel@example.net,#9czXUt_tl,True
thoward@example.net,39IA$3sb$u,True
melissasanchez@example.net,)iQ)tXZmf3,False
hallvictoria@example.net,!7sXr8B#7Q,True
obryan@example.org,*3RqalGsed,False
jsmith@example.com,b8MHy9Cu$s,False
davissteven@example.org,(7OQZl93%@,False
fthomas@example.net,!vLA3tbaC5,True
williampowers@example.com,B^C79hOda(,True
brownwilliam@example.com,qOLOI40t#1,False
josephleonard@example.net,Ta9VQ5Wa@j,True
rick50@example.com,j!s1Leha0$,True
grodriguez@example.net,R1BTyuxc)%,False
fmullins@example.com,%5DfKQ#s4_,True
sfisher@example.org,$6drONk_Ai,True
jpearson@example.com,C!eh6YhxSr,True
sharpcolleen@example.net,z_j1BdvaG+,True
anitali@example.net,9uGNnygq&u,True
eric82@example.org,O$3eODsawj,True
ngarcia@example.com,+y+T@FiT!5,True
heathscott@example.com,61W0BVyj&(,True
melissa54@example.org,gOxH3EPp^b,True
samuel49@example.org,L@5B&Hdtia,False
vbrown@example.com,@5FE5z%aSu,True
ivillarreal@example.com,8UPWL6ek$+,True
jonesamber@example.org,ctzkmU7@^2,False
patrickholland@example.net,eU0_5AXcq_,True
donmcdonald@example.org,8+y8_FFcZl,False
avaughn@example.com,oC5HD_zRO_,True
patricia71@example.com,(r84E^ag+!,True
oliverdouglas@example.net,(7_1PHct$G,True
cross@example.com,imUP@V55^8,False
belljohn@example.org,@lrvOxDh30,True
alambert@example.org,_1Yu4YoxfS,True
matthewsnyder@example.net,zW_la4DjO(,True
baxterricardo@example.com,7JM_1WGv3P,True
kevincross@example.net,)TZsN1be&7,True
raymondstewart@example.com,_1)J2SG%*t,True
williamsmichele@example.net,1mRF&hA%&3,True
rogersstephen@example.net,^bl62QNvji,True
gregory88@example.net,&m3*AlmV9_,True
williammartin@example.com,Co6Up5yya!,True
brittanyhanson@example.org,$0FFBVm93k,False
kellynavarro@example.org,#GoM%MSkr9,False
laurensmith@example.org,04TAsa(k(M,True
ghoward@example.net,d84ZoaKX)*,True
jill01@example.net,_q)6wG3rEQ,True
kathleenwhite@example.com,!68PxJ!_Ki,True
elizabeth57@example.org,*J0JZ_fnp#,False
bassdaniel@example.com,#A3Z9PuxDd,True
robinsoncatherine@example.net,#p+0TO9v@Z,True
colinbraun@example.org,*1oMZxK#8M,False
cherylcortez@example.net,^mE#O&1E@2,True
barnettcharles@example.org,nMTj!CZd!4,False
hudsonkatherine@example.org,nw3siMhn&_,False
evanward@example.org,(0AJsptODc,True
robert39@example.net,%EBXZyKgp5,True
crodriguez@example.net,@1NkZ3eAMm,False
youngmiguel@example.org,%GHGo!tj2D,False
kim60@example.net,CVv6Yws8H$,True
rossjoseph@example.net,@5@xCrC*Fa,True
jerry84@example.org,W88RAg21#%,False
rnguyen@example.net,kV#4Vd@i#K,True
brownjeffrey@example.com,B)8I!Gk5*@,True
jeremiahharrison@example.org,M3cEv%Mx@e,True
jacksonmichael@example.com,SYl0#5Zo$K,True
phyllissmith@example.com,)cKHado@71,False
maryquinn@example.net,T!h%b3IaNZ,False
clementscarl@example.net,04X8DXaO&y,True
teresabenjamin@example.com,z!u1H5GS*2,True
castillokimberly@example.org,a)8gc5n7KS,True
xgarcia@example.org,E8MikWlp+5,True
diazdiamond@example.org,++09XiKdO),True
gregorygaines@example.net,$3VFu)j#s2,True
douglaswilliamson@example.org,^1NYw+w)UU,False
kimberlyrussell@example.net,BZ4UHgKgr(,True
bryantanner@example.com,1HU6&KxbG#,False
herreraemily@example.org,o^30sQdjez,True
jonespatricia@example.org,m&4HYxp95@,True
nicole26@example.net,U3ql5Hd2$&,True
ukelly@example.org,m&X8RA%D3j,False
cathy73@example.org,(7ebHCxm+A,True
coreyward@example.com,i^5e4FnZ!1,True
rogerslarry@example.com,yn5KKXoC_n,True
jonathanjohnson@example.com,O3yZJdVf($,False
pedromartinez@example.net,!ga3BnA4r(,True
christinesmith@example.org,2(Y5MDckRb,True
cherylbarron@example.com,WBIo9N!G)3,True
matthewchang@example.net,zngNr3t&&4,True
jessezamora@example.net,AGY$s3Cg&1,True
william71@example.net,kR5d(ZJe#o,True
murphywilliam@example.com,!TbchSxtG7,True
jacksonthomas@example.com,92PRgUHn+@,True
ebrown@example.org,!!WsrPNbL6,True
denise35@example.org,_6yCUaNiG$,True
ysanchez@example.net,)0&9pYxb9R,True
calebjones@example.org,ZWM5YbqFz_,True
morrisonrobert@example.com,$LX+_Osz6t,False
davidwright@example.net,i7h33#Gr+k,False
danielsims@example.org,mZKnkCm($3,True
bchapman@example.org,2oU%1bM$*(,True
allison10@example.com,E7!WDwmn&#,True
justin11@example.com,!0XBiRoNlQ,True
reverett@example.net,on1)CKcqo%,False
mbrown@example.org,%5XYbt8Pci,True
anna73@example.net,#2t81FjnDR,True
juliescott@example.org,LTq!3Ya9_6,True
vriley@example.com,J4SmMvSA#b,True
mjones@example.net,J2@2v%Uvsn,True
stacie07@example.com,!zpC@S^#j5,True
gregorymonica@example.com,)osaLkJ5K2,False
kayla14@example.org,#7UVEPna+4,True
brandonyang@example.com,FrpE0YM!+9,True
brodriguez@example.net,_dVa4kh3Y1,True
lindsaydougherty@example.net,)8VNqEf$j2,False
johntaylor@example.net,$hHBosGNm6,True
brownsamantha@example.net,#*Ar4Zs!+W,False
greenbrent@example.net,q6nWfQfG+F,False
onelson@example.net,+mB8PlQaH!,True
erica23@example.com,N34oq)HkZ&,True
beverly57@example.net,)$6#UK99#e,True
elizabethduncan@example.org,DJy0JIMcZ$,True
jonescaleb@example.org,G$yq8czoqG,True
patriciakaiser@example.org,XUM5VHQb+L,True
ronaldcherry@example.net,)d4yT%jqx@,True
erogers@example.com,Fr8GKLrpN+,True
kevinzamora@example.net,2!(8XEOd1!,False
tinasmith@example.org,#l5ULdtORb,False
shannonharrell@example.org,n1GeDX^k@2,True
michael86@example.net,%5YwvEUb(F,False
andreanichols@example.org,@*X%IZ&iG7,False
matthew16@example.com,^t4UL5KrT5,True
twhite@example.net,%sMXZct$01,True
mcclainjustin@example.com,!uL3U()utU,False
stephen83@example.org,Sm2WYdExO&,True
alijessica@example.org,8@ux(6CbgD,True
michaelpalmer@example.org,u1QDJpkG$l,True
ydunn@example.com,HMWrlpDb*7,False
wweber@example.net,wB6C5y61Q#,False
abentley@example.com,1O3FKZh+*x,True
ubeck@example.com,o+K^s$Eg+5,False
robertfrancis@example.org,q6#5lEBnF^,True
meadowslee@example.org,^eI3EC4Ma4,True
dmcbride@example.net,%+8l2Eur1D,True
daughertymelissa@example.net,#4eVNojca8,True
bullockwendy@example.com,#$8Kg6rhOg,True
joshua46@example.net,()72pJTz4R,True
shelbywilson@example.net,&K5j_%Jw*7,True
yle@example.org,1qJU1RpPu*,True
markmartinez@example.org,w4Qb^Lfx+6,True
careysarah@example.net,mJf59MwT6),True
danielle95@example.net,05FBCv!p^5,True
ksmith@example.net,_%18Py4jZz,False
jestes@example.com,n1N%ru6$#z,False
jodi74@example.com,QFaRDck2^4,True
williammckenzie@example.net,Z!6*A^VrSX,True
michael11@example.org,(2FSbTM%*7,True
christiandouglas@example.net,1RM(8Er%eS,True
cristian18@example.com,$nAfDaalB0,False
jasmine61@example.net,N%+9lEWrdx,True
ojackson@example.net,#6Op&!G&q6,True
greentiffany@example.org,*2WCzYRt!6,True
jonathanmiller@example.com,e3mFHjo3&p,False
edwinscott@example.com,)!$_6FVpQo,True
jordanwilliams@example.net,DD&8AbHGw),True
huntannette@example.com,0_F$i9vz^Q,True
thomas40@example.org,&n8XW&5jy4,True
umcdonald@example.com,3b$Z4gYij+,True
jmccarty@example.com,JN6ZyiKT)B,True
stephenbest@example.com,E3iVe0Lz^f,False
melissa21@example.org,z%3ZUG#TZd,True
ebrown@example.org,$68Ue#_7lu,True
jmanning@example.com,C#oEWJif#3,True
amandamartin@example.net,^oyVcKVy65,True
wolferic@example.com,_4U$bWCba^,True
erin78@example.net,bZ@1RWqy0O,True
natasha58@example.net,L)v4Bo@HWV,True
victor85@example.com,T!Hy76lnaG,True
harrisjeffrey@example.org,_zXCL+Odi6,True
mmcclure@example.net,&#7yTaJide,True
mariamills@example.org,)2IKU(UN6f,True
dmartin@example.org,ND&9BbgKAq,True
carllam@example.org,@5GN72vqQe,True
matthew68@example.net,qjR(Jno@+9,False
owenscrystal@example.org,Y0aHyoKz+3,True
meghangentry@example.org,+7ze6EFo%m,False
andrewhatfield@example.com,89%6Qefb^r,True
qdelacruz@example.com,9!0BB2NoO!,True
stoutwilliam@example.net,)4OMHat4_@,True
gentryallen@example.com,3WVn2Nngx),True
matthewnash@example.net,f3LxeBz4$p,True
robertthomas@example.net,E1MNGli7&c,False
bparker@example.net,Z17+VAkQ$2,True
singhbrandon@example.net,&G2B9)Yo%W,True
david16@example.org,(p74G+Sxxu,True
robin95@example.org,(5Dsq#RT*C,True
qfrench@example.org,(mh9RBinKf,False
jacksonarthur@example.net,%2GNbLiyP^,True
adriana16@example.com,*3CAi(Byt0,True
crobinson@example.com,q(j5vJGwF_,True
kristentaylor@example.net,4r43AhVmJ@,False
taylorcharles@example.org,X@NR2B$k%d,True
dylanstewart@example.com,_R4MDrFFVt,False
longmark@example.org,qM9IX%Ol&1,True
herringshane@example.net,)_0dZBJp)n,False
oscarboyle@example.org,O3ExQd7s**,True
ospencer@example.com,E$1d2!Vn#H,True
davidsonelizabeth@example.com,$h3_Uw0BdV,True
smithmarcus@example.org,)s2CGsrefy,False
jeffreymartinez@example.com,Lc#4DRc6&D,True
xwoods@example.org,2Er%qqut!r,True
christopher38@example.com,2x6b3Lc%l&,False
robinsontyler@example.com,_sQdia_bJ0,True
beth52@example.net,^UjQY)e+i9,True
jennifer04@example.org,F2hQVtps@&,True
hayesjeffrey@example.net,$1#5KS#vxF,False
vharrison@example.net,#W53RNBgyb,True
bryanmcdaniel@example.net,&+c8(JJ0en,False
umurphy@example.com,N%OY3W8x#Y,True
jerry53@example.com,^jK5*yYw)$,True
howarddavis@example.net,gwLSblU#(2,True
carrbrendan@example.org,!d$0aKSchH,True
richardharris@example.net,J(4HYQzx_8,False
ortizdeborah@example.org,^_i3fY$mSA,True
butleranna@example.net,)81Q3tp9$@,True
anthonyhoward@example.com,uYF3KRdC%7,True
erica84@example.org,a*&8Zup(Bi,True
michele10@example.net,&1DHdjCrxD,True
joelramirez@example.org,#AS9A+pC+j,True
johnmitchell@example.net,_(a1MMkpI+,False
michaelrivers@example.com,&r1P4%ws+6,True
nicole84@example.com,26FQ@XnE$3,True
vasquezbrenda@example.org,%9Iq&NsNDs,True
sherry03@example.net,9@2I)Krn%!,True
jessica43@example.com,xp*nTYvY_9,True
maria58@example.com,TLLbQYts$8,True
blackdiane@example.net,@q!1MgENLf,False
coffeygina@example.net,0U$m7VZu%j,True
wendy41@example.net,s@z8AeqFEM,True
margaret85@example.org,#x+iUFiSW4,True
andrew30@example.org,X)Rm2vPu7i,True
kimberlygreen@example.org,)ucXR8k*A6,False
margaretterrell@example.com,+cUMbR3by7,False
mark42@example.org,&p6CUnZopK,True
lthomas@example.org,xo@LI1LpLQ,True
zwillis@example.org,Y^7&QbM09%,True
aayers@example.org,$2HPrXQfpr,True
tinasmith@example.org,W5DPP1jt%u,True
lstevens@example.net,%g_3OiVB3D,False
nguyenkarl@example.net,px13#MA9D_,True
veronica66@example.net,Qa74EGpV#5,False
brandon58@example.net,nqYg5E^K+3,True
lopezapril@example.com,C57YLJGx@W,False
nwilson@example.com,rQ(1LwQh6+,True
jvega@example.net,)kN4OQ6iQR,True
rick12@example.com,&7Y*4$FbI0,True
tyroneflores@example.com,52K$WPEq)N,True
